天气城市代码,地区,省市区,上级地区,区域编码
101010100,北京,北京市,北京市,110000
101010200,海淀,北京市,北京市,110108
101010300,朝阳,北京市,北京市,110105
101010400,顺义,北京市,北京市,110113
101010500,怀柔,北京市,北京市,110116
101010600,通州,北京市,北京市,110112
101010700,昌平,北京市,北京市,110114
101010800,延庆,北京市,北京市,110119
101010900,丰台,北京市,北京市,110106
101011000,石景山,北京市,北京市,110107
101011100,大兴,北京市,北京市,110115
101011200,房山,北京市,北京市,110111
101011300,密云,北京市,北京市,110118
101011400,门头沟,北京市,北京市,110109
101011500,平谷,北京市,北京市,110117
101011600,东城,北京市,北京市,110101
101011700,西城,北京市,北京市,110102
101020100,上海,上海市,上海市,310000
101020200,闵行,上海市,上海市,310112
101020300,宝山,上海市,上海市,310113
101020400,黄浦,上海市,上海市,310101
101020500,嘉定,上海市,上海市,310114
101020600,浦东新区,上海市,上海市,310115
101020700,金山,上海市,上海市,310116
101020800,青浦,上海市,上海市,310118
101020900,松江,上海市,上海市,310117
101021000,奉贤,上海市,上海市,310120
101021100,崇明,上海市,上海市,310151
101021200,徐汇,上海市,上海市,310104
101021300,长宁,上海市,上海市,310105
101021400,静安,上海市,上海市,310106
101021500,普陀,上海市,上海市,310107
101021600,虹口,上海市,上海市,310109
101021700,杨浦,上海市,上海市,310110
101030100,天津,天津市,天津市,120000
101030200,武清,天津市,天津市,120114
101030300,宝坻,天津市,天津市,120115
101030400,东丽,天津市,天津市,120110
101030500,西青,天津市,天津市,120111
101030600,北辰,天津市,天津市,120113
101030700,宁河,天津市,天津市,120117
101030800,和平,天津市,天津市,120101
101030900,静海,天津市,天津市,120118
101031000,津南,天津市,天津市,120112
101031100,滨海新区,天津市,天津市,120116
101031200,河东,天津市,天津市,120102
101031300,河西,天津市,天津市,120103
101031400,蓟州,天津市,天津市,120119
101031500,南开,天津市,天津市,120104
101031600,河北,天津市,天津市,120105
101031700,红桥,天津市,天津市,120106
101040100,重庆,重庆市,重庆市,500000
101040200,永川,重庆市,重庆市,500118
101040300,合川,重庆市,重庆市,500117
101040400,南川,重庆市,重庆市,500119
101040500,江津,重庆市,重庆市,500116
101040700,渝北,重庆市,重庆市,500112
101040800,北碚,重庆市,重庆市,500109
101040900,巴南,重庆市,重庆市,500113
101041000,长寿,重庆市,重庆市,500115
101041100,黔江,重庆市,重庆市,500114
101041200,渝中,重庆市,重庆市,500103
101041300,万州,重庆市,重庆市,500101
101041400,涪陵,重庆市,重庆市,500102
101041600,城口,重庆市,重庆市,500229
101041700,云阳,重庆市,重庆市,500235
101041800,巫溪,重庆市,重庆市,500238
101041900,奉节,重庆市,重庆市,500236
101042000,巫山,重庆市,重庆市,500237
101042100,潼南,重庆市,重庆市,500152
101042200,垫江,重庆市,重庆市,500231
101042300,梁平,重庆市,重庆市,500155
101042400,忠县,重庆市,重庆市,500233
101042500,石柱,重庆市,重庆市,500240
101042600,大足,重庆市,重庆市,500111
101042700,荣昌,重庆市,重庆市,500153
101042800,铜梁,重庆市,重庆市,500151
101042900,璧山,重庆市,重庆市,500120
101043000,丰都,重庆市,重庆市,500230
101043100,武隆,重庆市,重庆市,500156
101043200,彭水,重庆市,重庆市,500243
101043300,綦江,重庆市,重庆市,500110
101043400,酉阳,重庆市,重庆市,500242
101043500,大渡口,重庆市,重庆市,500104
101043600,秀山,重庆市,重庆市,500241
101043700,江北,重庆市,重庆市,500105
101043800,沙坪坝,重庆市,重庆市,500106
101043900,九龙坡,重庆市,重庆市,500107
101044000,南岸,重庆市,重庆市,500108
101044100,开州,重庆市,重庆市,500154
101050101,哈尔滨,黑龙江省,哈尔滨市,230100
101050102,双城,黑龙江省,哈尔滨市,230113
101050103,呼兰,黑龙江省,哈尔滨市,230111
101050104,阿城,黑龙江省,哈尔滨市,230112
101050105,宾县,黑龙江省,哈尔滨市,230125
101050106,依兰,黑龙江省,哈尔滨市,230123
101050107,巴彦,黑龙江省,哈尔滨市,230126
101050108,通河,黑龙江省,哈尔滨市,230128
101050109,方正,黑龙江省,哈尔滨市,230124
101050110,延寿,黑龙江省,哈尔滨市,230129
101050111,尚志,黑龙江省,哈尔滨市,230183
101050112,五常,黑龙江省,哈尔滨市,230184
101050113,木兰,黑龙江省,哈尔滨市,230127
101050114,道里,黑龙江省,哈尔滨市,230102
101050115,南岗,黑龙江省,哈尔滨市,230103
101050116,道外,黑龙江省,哈尔滨市,230104
101050117,平房,黑龙江省,哈尔滨市,230108
101050118,松北,黑龙江省,哈尔滨市,230109
101050119,香坊,黑龙江省,哈尔滨市,230110
101050201,齐齐哈尔,黑龙江省,齐齐哈尔市,230200
101050202,讷河,黑龙江省,齐齐哈尔市,230281
101050203,龙江,黑龙江省,齐齐哈尔市,230221
101050204,甘南,黑龙江省,齐齐哈尔市,230225
101050205,富裕,黑龙江省,齐齐哈尔市,230227
101050206,依安,黑龙江省,齐齐哈尔市,230223
101050207,拜泉,黑龙江省,齐齐哈尔市,230231
101050208,克山,黑龙江省,齐齐哈尔市,230229
101050209,克东,黑龙江省,齐齐哈尔市,230230
101050210,泰来,黑龙江省,齐齐哈尔市,230224
101050211,龙沙,黑龙江省,齐齐哈尔市,230202
101050212,建华,黑龙江省,齐齐哈尔市,230203
101050213,铁锋,黑龙江省,齐齐哈尔市,230204
101050214,昂昂溪,黑龙江省,齐齐哈尔市,230205
101050215,富拉尔基,黑龙江省,齐齐哈尔市,230206
101050216,碾子山,黑龙江省,齐齐哈尔市,230207
101050217,梅里斯,黑龙江省,齐齐哈尔市,230208
101050301,牡丹江,黑龙江省,牡丹江市,231000
101050302,海林,黑龙江省,牡丹江市,231083
101050303,穆棱,黑龙江省,牡丹江市,231085
101050304,林口,黑龙江省,牡丹江市,231025
101050305,绥芬河,黑龙江省,牡丹江市,231081
101050306,宁安,黑龙江省,牡丹江市,231084
101050307,东宁,黑龙江省,牡丹江市,231086
101050308,东安,黑龙江省,牡丹江市,231002
101050309,阳明,黑龙江省,牡丹江市,231003
101050310,爱民,黑龙江省,牡丹江市,231004
101050311,西安,黑龙江省,牡丹江市,231005
101050401,佳木斯,黑龙江省,佳木斯市,230800
101050402,汤原,黑龙江省,佳木斯市,230828
101050403,抚远,黑龙江省,佳木斯市,230883
101050404,桦川,黑龙江省,佳木斯市,230826
101050405,桦南,黑龙江省,佳木斯市,230822
101050406,同江,黑龙江省,佳木斯市,230881
101050407,富锦,黑龙江省,佳木斯市,230882
101050408,向阳,黑龙江省,佳木斯市,230803
101050409,前进,黑龙江省,佳木斯市,230804
101050410,东风,黑龙江省,佳木斯市,230805
101050411,郊区,黑龙江省,佳木斯市,230811
101050501,绥化,黑龙江省,绥化市,231200
101050502,肇东,黑龙江省,绥化市,231282
101050503,安达,黑龙江省,绥化市,231281
101050504,海伦,黑龙江省,绥化市,231283
101050505,明水,黑龙江省,绥化市,231225
101050506,望奎,黑龙江省,绥化市,231221
101050507,兰西,黑龙江省,绥化市,231222
101050508,青冈,黑龙江省,绥化市,231223
101050509,庆安,黑龙江省,绥化市,231224
101050510,绥棱,黑龙江省,绥化市,231226
101050511,北林,黑龙江省,绥化市,231202
101050601,黑河,黑龙江省,黑河市,231100
101050602,嫩江,黑龙江省,黑河市,231183
101050603,孙吴,黑龙江省,黑河市,231124
101050604,逊克,黑龙江省,黑河市,231123
101050605,五大连池,黑龙江省,黑河市,231182
101050606,北安,黑龙江省,黑河市,231181
101050607,爱辉,黑龙江省,黑河市,231102
101050701,大兴安岭,黑龙江省,大兴安岭地区,232700
101050702,塔河,黑龙江省,大兴安岭地区,232722
101050703,漠河,黑龙江省,大兴安岭地区,232701
101050704,呼玛,黑龙江省,大兴安岭地区,232721
101050801,伊春,黑龙江省,伊春市,230700
101050804,铁力,黑龙江省,伊春市,230781
101050805,嘉荫,黑龙江省,伊春市,230722
101050806,南岔,黑龙江省,伊春市,230726
101050807,友好,黑龙江省,伊春市,230719
101050808,金林,黑龙江省,伊春市,230751
101050811,伊美,黑龙江省,伊春市,230717
101050813,乌翠,黑龙江省,伊春市,230718
101050814,汤旺县,黑龙江省,伊春市,230723
101050815,大箐山县,黑龙江省,伊春市,230725
101050816,丰林,黑龙江省,伊春市,230724
101050901,大庆,黑龙江省,大庆市,230600
101050902,林甸,黑龙江省,大庆市,230623
101050903,肇州,黑龙江省,大庆市,230621
101050904,肇源,黑龙江省,大庆市,230622
101050905,杜尔伯特,黑龙江省,大庆市,230624
101050906,萨尔图,黑龙江省,大庆市,230602
101050907,龙凤,黑龙江省,大庆市,230603
101050908,让胡路,黑龙江省,大庆市,230604
101050909,红岗,黑龙江省,大庆市,230605
101050910,大同,黑龙江省,大庆市,230606
101051001,新兴,黑龙江省,七台河市,230902
101051002,七台河,黑龙江省,七台河市,230900
101051003,勃利,黑龙江省,七台河市,230921
101051004,桃山,黑龙江省,七台河市,230903
101051005,茄子河,黑龙江省,七台河市,230904
101051101,鸡西,黑龙江省,鸡西市,230300
101051102,虎林,黑龙江省,鸡西市,230381
101051103,密山,黑龙江省,鸡西市,230382
101051104,鸡东,黑龙江省,鸡西市,230321
101051105,鸡冠,黑龙江省,鸡西市,230302
101051106,恒山,黑龙江省,鸡西市,230303
101051107,滴道,黑龙江省,鸡西市,230304
101051108,梨树,黑龙江省,鸡西市,230305
101051109,城子河,黑龙江省,鸡西市,230306
101051110,麻山,黑龙江省,鸡西市,230307
101051201,鹤岗,黑龙江省,鹤岗市,230400
101051202,绥滨,黑龙江省,鹤岗市,230422
101051203,萝北,黑龙江省,鹤岗市,230421
101051204,向阳,黑龙江省,鹤岗市,230402
101051205,工农,黑龙江省,鹤岗市,230403
101051206,南山,黑龙江省,鹤岗市,230404
101051207,兴安,黑龙江省,鹤岗市,230405
101051208,东山,黑龙江省,鹤岗市,230406
101051209,兴山,黑龙江省,鹤岗市,230407
101051301,双鸭山,黑龙江省,双鸭山市,230500
101051302,集贤,黑龙江省,双鸭山市,230521
101051303,宝清,黑龙江省,双鸭山市,230523
101051304,饶河,黑龙江省,双鸭山市,230524
101051305,友谊,黑龙江省,双鸭山市,230522
101051306,尖山,黑龙江省,双鸭山市,230502
101051307,岭东,黑龙江省,双鸭山市,230503
101051308,四方台,黑龙江省,双鸭山市,230505
101051309,宝山,黑龙江省,双鸭山市,230506
101060101,长春,吉林省,长春市,220100
101060102,农安,吉林省,长春市,220122
101060103,德惠,吉林省,长春市,220183
101060104,九台,吉林省,长春市,220113
101060105,榆树,吉林省,长春市,220182
101060106,双阳,吉林省,长春市,220112
101060107,二道,吉林省,长春市,220105
101060108,南关,吉林省,长春市,220102
101060109,宽城,吉林省,长春市,220103
101060110,朝阳,吉林省,长春市,220104
101060111,绿园,吉林省,长春市,220106
101060201,吉林,吉林省,吉林市,220200
101060202,舒兰,吉林省,吉林市,220283
101060203,永吉,吉林省,吉林市,220221
101060204,蛟河,吉林省,吉林市,220281
101060205,磐石,吉林省,吉林市,220284
101060206,桦甸,吉林省,吉林市,220282
101060207,昌邑,吉林省,吉林市,220202
101060208,龙潭,吉林省,吉林市,220203
101060209,船营,吉林省,吉林市,220204
101060210,丰满,吉林省,吉林市,220211
101060301,延吉,吉林省,延边朝鲜族自治州,222401
101060302,敦化,吉林省,延边朝鲜族自治州,222403
101060303,安图,吉林省,延边朝鲜族自治州,222426
101060304,汪清,吉林省,延边朝鲜族自治州,222424
101060305,和龙,吉林省,延边朝鲜族自治州,222406
101060306,延边,吉林省,延边朝鲜族自治州,222400
101060307,龙井,吉林省,延边朝鲜族自治州,222405
101060308,珲春,吉林省,延边朝鲜族自治州,222404
101060309,图们,吉林省,延边朝鲜族自治州,222402
101060401,四平,吉林省,四平市,220300
101060402,双辽,吉林省,四平市,220382
101060403,梨树,吉林省,四平市,220322
101060404,公主岭,吉林省,四平市,220184
101060405,伊通,吉林省,四平市,220323
101060406,铁西,吉林省,四平市,220302
101060407,铁东,吉林省,四平市,220303
101060501,通化,吉林省,通化市,220500
101060502,梅河口,吉林省,通化市,220581
101060503,柳河,吉林省,通化市,220524
101060504,辉南,吉林省,通化市,220523
101060505,集安,吉林省,通化市,220582
101060506,通化县,吉林省,通化市,220521
101060507,东昌,吉林省,通化市,220502
101060508,二道江,吉林省,通化市,220503
101060601,白城,吉林省,白城市,220800
101060602,洮南,吉林省,白城市,220881
101060603,大安,吉林省,白城市,220882
101060604,镇赉,吉林省,白城市,220821
101060605,通榆,吉林省,白城市,220822
101060606,洮北,吉林省,白城市,220802
101060701,辽源,吉林省,辽源市,220400
101060702,东丰,吉林省,辽源市,220421
101060703,东辽,吉林省,辽源市,220422
101060704,龙山,吉林省,辽源市,220402
101060705,西安,吉林省,辽源市,220403
101060801,松原,吉林省,松原市,220700
101060802,乾安,吉林省,松原市,220723
101060803,前郭,吉林省,松原市,220721
101060804,长岭,吉林省,松原市,220722
101060805,扶余,吉林省,松原市,220781
101060806,宁江,吉林省,松原市,220702
101060901,白山,吉林省,白山市,220600
101060902,靖宇,吉林省,白山市,220622
101060903,临江,吉林省,白山市,220681
101060905,长白,吉林省,白山市,220623
101060906,抚松,吉林省,白山市,220621
101060907,江源,吉林省,白山市,220605
101060908,浑江,吉林省,白山市,220602
101070101,沈阳,辽宁省,沈阳市,210100
101070102,浑南,辽宁省,沈阳市,210112
101070103,辽中,辽宁省,沈阳市,210115
101070104,康平,辽宁省,沈阳市,210123
101070105,法库,辽宁省,沈阳市,210124
101070106,新民,辽宁省,沈阳市,210181
101070107,和平,辽宁省,沈阳市,210102
101070108,沈河,辽宁省,沈阳市,210103
101070109,大东,辽宁省,沈阳市,210104
101070110,皇姑,辽宁省,沈阳市,210105
101070111,铁西,辽宁省,沈阳市,210106
101070112,苏家屯,辽宁省,沈阳市,210111
101070113,沈北新区,辽宁省,沈阳市,210113
101070114,于洪,辽宁省,沈阳市,210114
101070201,大连,辽宁省,大连市,210200
101070202,瓦房店,辽宁省,大连市,210281
101070203,金州,辽宁省,大连市,210213
101070204,普兰店,辽宁省,大连市,210214
101070205,旅顺,辽宁省,大连市,210212
101070206,长海,辽宁省,大连市,210224
101070207,庄河,辽宁省,大连市,210283
101070208,中山,辽宁省,大连市,210202
101070209,西岗,辽宁省,大连市,210203
101070210,沙河口,辽宁省,大连市,210204
101070211,甘井子,辽宁省,大连市,210211
101070301,鞍山,辽宁省,鞍山市,210300
101070302,台安,辽宁省,鞍山市,210321
101070303,岫岩,辽宁省,鞍山市,210323
101070304,海城,辽宁省,鞍山市,210381
101070305,铁东,辽宁省,鞍山市,210302
101070306,铁西,辽宁省,鞍山市,210303
101070307,立山,辽宁省,鞍山市,210304
101070308,千山,辽宁省,鞍山市,210311
101070401,抚顺,辽宁省,抚顺市,210400
101070402,新宾,辽宁省,抚顺市,210422
101070403,清原,辽宁省,抚顺市,210423
101070405,新抚,辽宁省,抚顺市,210402
101070406,东洲,辽宁省,抚顺市,210403
101070407,望花,辽宁省,抚顺市,210404
101070408,顺城,辽宁省,抚顺市,210411
101070409,抚顺县,辽宁省,抚顺市,210421
101070501,本溪,辽宁省,本溪市,210500
101070502,本溪县,辽宁省,本溪市,210521
101070503,平山,辽宁省,本溪市,210502
101070504,桓仁,辽宁省,本溪市,210522
101070505,溪湖,辽宁省,本溪市,210503
101070506,明山,辽宁省,本溪市,210504
101070507,南芬,辽宁省,本溪市,210505
101070601,丹东,辽宁省,丹东市,210600
101070602,凤城,辽宁省,丹东市,210682
101070603,宽甸,辽宁省,丹东市,210624
101070604,东港,辽宁省,丹东市,210681
101070605,元宝,辽宁省,丹东市,210602
101070606,振兴,辽宁省,丹东市,210603
101070607,振安,辽宁省,丹东市,210604
101070701,锦州,辽宁省,锦州市,210700
101070702,凌海,辽宁省,锦州市,210781
101070703,古塔,辽宁省,锦州市,210702
101070704,义县,辽宁省,锦州市,210727
101070705,黑山,辽宁省,锦州市,210726
101070706,北镇,辽宁省,锦州市,210782
101070707,凌河,辽宁省,锦州市,210703
101070708,太和,辽宁省,锦州市,210711
101070801,营口,辽宁省,营口市,210800
101070802,大石桥,辽宁省,营口市,210882
101070803,盖州,辽宁省,营口市,210881
101070804,站前,辽宁省,营口市,210802
101070805,西市,辽宁省,营口市,210803
101070806,鲅鱼圈,辽宁省,营口市,210804
101070807,老边,辽宁省,营口市,210811
101070901,阜新,辽宁省,阜新市,210900
101070902,彰武,辽宁省,阜新市,210922
101070903,海州,辽宁省,阜新市,210902
101070904,新邱,辽宁省,阜新市,210903
101070905,太平,辽宁省,阜新市,210904
101070906,清河门,辽宁省,阜新市,210905
101070907,细河,辽宁省,阜新市,210911
101070908,阜新县,辽宁省,阜新市,210921
101071001,辽阳,辽宁省,辽阳市,211000
101071002,辽阳县,辽宁省,辽阳市,211021
101071003,灯塔,辽宁省,辽阳市,211081
101071004,弓长岭,辽宁省,辽阳市,211005
101071005,白塔,辽宁省,辽阳市,211002
101071006,文圣,辽宁省,辽阳市,211003
101071007,宏伟,辽宁省,辽阳市,211004
101071008,太子河,辽宁省,辽阳市,211011
101071101,铁岭,辽宁省,铁岭市,211200
101071102,开原,辽宁省,铁岭市,211282
101071103,昌图,辽宁省,铁岭市,211224
101071104,西丰,辽宁省,铁岭市,211223
101071105,调兵山,辽宁省,铁岭市,211281
101071106,银州,辽宁省,铁岭市,211202
101071107,清河,辽宁省,铁岭市,211204
101071108,铁岭县,辽宁省,铁岭市,211221
101071201,朝阳,辽宁省,朝阳市,211300
101071202,双塔,辽宁省,朝阳市,211302
101071203,凌源,辽宁省,朝阳市,211382
101071204,喀左,辽宁省,朝阳市,211324
101071205,北票,辽宁省,朝阳市,211381
101071206,龙城,辽宁省,朝阳市,211303
101071207,建平县,辽宁省,朝阳市,211322
101071208,朝阳县,辽宁省,朝阳市,211321
101071301,盘锦,辽宁省,盘锦市,211100
101071302,大洼,辽宁省,盘锦市,211104
101071303,盘山,辽宁省,盘锦市,211122
101071304,双台子,辽宁省,盘锦市,211102
101071305,兴隆台,辽宁省,盘锦市,211103
101071401,葫芦岛,辽宁省,葫芦岛市,211400
101071402,建昌,辽宁省,葫芦岛市,211422
101071403,绥中,辽宁省,葫芦岛市,211421
101071404,兴城,辽宁省,葫芦岛市,211481
101071405,连山,辽宁省,葫芦岛市,211402
101071406,龙港,辽宁省,葫芦岛市,211403
101071407,南票,辽宁省,葫芦岛市,211404
101080101,呼和浩特,内蒙古自治区,呼和浩特市,150100
101080102,土左旗,内蒙古自治区,呼和浩特市,150121
101080103,托县,内蒙古自治区,呼和浩特市,150122
101080104,和林,内蒙古自治区,呼和浩特市,150123
101080105,清水河,内蒙古自治区,呼和浩特市,150124
101080106,赛罕,内蒙古自治区,呼和浩特市,150105
101080107,武川,内蒙古自治区,呼和浩特市,150125
101080108,新城,内蒙古自治区,呼和浩特市,150102
101080109,回民,内蒙古自治区,呼和浩特市,150103
101080110,玉泉,内蒙古自治区,呼和浩特市,150104
101080201,包头,内蒙古自治区,包头市,150200
101080202,白云鄂博,内蒙古自治区,包头市,150206
101080204,土右旗,内蒙古自治区,包头市,150221
101080205,固阳,内蒙古自治区,包头市,150222
101080206,达茂旗,内蒙古自治区,包头市,150223
101080208,东河,内蒙古自治区,包头市,150202
101080209,昆都仑,内蒙古自治区,包头市,150203
101080210,青山,内蒙古自治区,包头市,150204
101080211,石拐,内蒙古自治区,包头市,150205
101080212,九原,内蒙古自治区,包头市,150207
101080301,乌海,内蒙古自治区,乌海市,150300
101080302,海勃湾,内蒙古自治区,乌海市,150302
101080303,海南,内蒙古自治区,乌海市,150303
101080304,乌达,内蒙古自治区,乌海市,150304
101080401,集宁,内蒙古自治区,乌兰察布市,150902
101080402,卓资,内蒙古自治区,乌兰察布市,150921
101080403,化德,内蒙古自治区,乌兰察布市,150922
101080404,商都,内蒙古自治区,乌兰察布市,150923
101080405,乌兰察布,内蒙古自治区,乌兰察布市,150900
101080406,兴和,内蒙古自治区,乌兰察布市,150924
101080407,凉城,内蒙古自治区,乌兰察布市,150925
101080408,察右前旗,内蒙古自治区,乌兰察布市,150926
101080409,察右中旗,内蒙古自治区,乌兰察布市,150927
101080410,察右后旗,内蒙古自治区,乌兰察布市,150928
101080411,四子王旗,内蒙古自治区,乌兰察布市,150929
101080412,丰镇,内蒙古自治区,乌兰察布市,150981
101080501,通辽,内蒙古自治区,通辽市,150500
101080503,科左中旗,内蒙古自治区,通辽市,150521
101080504,科左后旗,内蒙古自治区,通辽市,150522
101080506,开鲁,内蒙古自治区,通辽市,150523
101080507,库伦,内蒙古自治区,通辽市,150524
101080508,奈曼,内蒙古自治区,通辽市,150525
101080509,扎鲁特,内蒙古自治区,通辽市,150526
101080510,科尔沁,内蒙古自治区,通辽市,150502
101080512,霍林郭勒,内蒙古自治区,通辽市,150581
101080601,赤峰,内蒙古自治区,赤峰市,150400
101080602,红山,内蒙古自治区,赤峰市,150402
101080603,阿鲁旗,内蒙古自治区,赤峰市,150421
101080605,巴林左旗,内蒙古自治区,赤峰市,150422
101080606,巴林右旗,内蒙古自治区,赤峰市,150423
101080607,林西,内蒙古自治区,赤峰市,150424
101080608,克什克腾,内蒙古自治区,赤峰市,150425
101080609,翁牛特,内蒙古自治区,赤峰市,150426
101080611,喀喇沁,内蒙古自治区,赤峰市,150428
101080613,宁城,内蒙古自治区,赤峰市,150429
101080614,敖汉,内蒙古自治区,赤峰市,150430
101080616,元宝山,内蒙古自治区,赤峰市,150403
101080617,松山,内蒙古自治区,赤峰市,150404
101080701,鄂尔多斯,内蒙古自治区,鄂尔多斯市,150600
101080703,达拉特,内蒙古自治区,鄂尔多斯市,150621
101080704,准格尔,内蒙古自治区,鄂尔多斯市,150622
101080705,鄂前旗,内蒙古自治区,鄂尔多斯市,150623
101080708,鄂托克,内蒙古自治区,鄂尔多斯市,150624
101080709,杭锦旗,内蒙古自治区,鄂尔多斯市,150625
101080710,乌审旗,内蒙古自治区,鄂尔多斯市,150626
101080711,伊金霍洛,内蒙古自治区,鄂尔多斯市,150627
101080713,东胜,内蒙古自治区,鄂尔多斯市,150602
101080714,康巴什,内蒙古自治区,鄂尔多斯市,150603
101080801,临河,内蒙古自治区,巴彦淖尔市,150802
101080802,五原,内蒙古自治区,巴彦淖尔市,150821
101080803,磴口,内蒙古自治区,巴彦淖尔市,150822
101080804,乌前旗,内蒙古自治区,巴彦淖尔市,150823
101080806,乌中旗,内蒙古自治区,巴彦淖尔市,150824
101080807,乌后旗,内蒙古自治区,巴彦淖尔市,150825
101080810,杭锦后旗,内蒙古自治区,巴彦淖尔市,150826
101080811,巴彦淖尔,内蒙古自治区,巴彦淖尔市,150800
101080901,锡林浩特,内蒙古自治区,锡林郭勒盟,152502
101080902,锡林郭勒,内蒙古自治区,锡林郭勒盟,152500
101080903,二连浩特,内蒙古自治区,锡林郭勒盟,152501
101080904,阿巴嘎,内蒙古自治区,锡林郭勒盟,152522
101080906,苏左旗,内蒙古自治区,锡林郭勒盟,152523
101080907,苏右旗,内蒙古自治区,锡林郭勒盟,152524
101080909,东乌旗,内蒙古自治区,锡林郭勒盟,152525
101080910,西乌旗,内蒙古自治区,锡林郭勒盟,152526
101080911,太仆寺,内蒙古自治区,锡林郭勒盟,152527
101080912,镶黄旗,内蒙古自治区,锡林郭勒盟,152528
101080913,正镶白旗,内蒙古自治区,锡林郭勒盟,152529
101080914,正蓝旗,内蒙古自治区,锡林郭勒盟,152530
101080915,多伦,内蒙古自治区,锡林郭勒盟,152531
101081001,海拉尔,内蒙古自治区,呼伦贝尔市,150702
101081003,阿荣旗,内蒙古自治区,呼伦贝尔市,150721
101081004,莫力达瓦,内蒙古自治区,呼伦贝尔市,150722
101081005,鄂伦春旗,内蒙古自治区,呼伦贝尔市,150723
101081006,鄂温克旗,内蒙古自治区,呼伦贝尔市,150724
101081007,陈旗,内蒙古自治区,呼伦贝尔市,150725
101081008,新左旗,内蒙古自治区,呼伦贝尔市,150726
101081009,新右旗,内蒙古自治区,呼伦贝尔市,150727
101081010,满洲里,内蒙古自治区,呼伦贝尔市,150781
101081011,牙克石,内蒙古自治区,呼伦贝尔市,150782
101081012,扎兰屯,内蒙古自治区,呼伦贝尔市,150783
101081013,呼伦贝尔,内蒙古自治区,呼伦贝尔市,150700
101081014,额尔古纳,内蒙古自治区,呼伦贝尔市,150784
101081015,根河,内蒙古自治区,呼伦贝尔市,150785
101081017,扎赉诺尔,内蒙古自治区,呼伦贝尔市,150703
101081101,乌兰浩特,内蒙古自治区,兴安盟,152201
101081102,阿尔山,内蒙古自治区,兴安盟,152202
101081103,科右中旗,内蒙古自治区,兴安盟,152222
101081105,扎赉特,内蒙古自治区,兴安盟,152223
101081107,突泉,内蒙古自治区,兴安盟,152224
101081108,兴安盟,内蒙古自治区,兴安盟,152200
101081109,科右前旗,内蒙古自治区,兴安盟,152221
101081201,阿左旗,内蒙古自治区,阿拉善盟,152921
101081202,阿右旗,内蒙古自治区,阿拉善盟,152922
101081203,额济纳,内蒙古自治区,阿拉善盟,152923
101081213,阿拉善盟,内蒙古自治区,阿拉善盟,152900
101090101,石家庄,河北省,石家庄市,130100
101090102,井陉,河北省,石家庄市,130121
101090103,正定,河北省,石家庄市,130123
101090104,栾城,河北省,石家庄市,130111
101090105,行唐,河北省,石家庄市,130125
101090106,灵寿,河北省,石家庄市,130126
101090107,高邑,河北省,石家庄市,130127
101090108,深泽,河北省,石家庄市,130128
101090109,赞皇,河北省,石家庄市,130129
101090110,无极,河北省,石家庄市,130130
101090111,平山,河北省,石家庄市,130131
101090112,元氏,河北省,石家庄市,130132
101090113,赵县,河北省,石家庄市,130133
101090114,辛集,河北省,石家庄市,130181
101090115,藁城,河北省,石家庄市,130109
101090116,晋州,河北省,石家庄市,130183
101090117,新乐,河北省,石家庄市,130184
101090118,鹿泉,河北省,石家庄市,130110
101090119,长安,河北省,石家庄市,130102
101090120,桥西,河北省,石家庄市,130104
101090121,新华,河北省,石家庄市,130105
101090122,井陉矿区,河北省,石家庄市,130107
101090123,裕华,河北省,石家庄市,130108
101090201,保定,河北省,保定市,130600
101090202,满城,河北省,保定市,130607
101090203,阜平,河北省,保定市,130624
101090204,徐水,河北省,保定市,130609
101090205,唐县,河北省,保定市,130627
101090206,高阳,河北省,保定市,130628
101090208,竞秀,河北省,保定市,130602
101090209,涞源,河北省,保定市,130630
101090210,望都,河北省,保定市,130631
101090212,易县,河北省,保定市,130633
101090213,莲池,河北省,保定市,130606
101090214,曲阳,河北省,保定市,130634
101090215,蠡县,河北省,保定市,130635
101090216,顺平,河北省,保定市,130636
101090218,涿州,河北省,保定市,130681
101090219,定州,河北省,保定市,130682
101090220,安国,河北省,保定市,130683
101090221,高碑店,河北省,保定市,130684
101090222,涞水,河北省,保定市,130623
101090223,定兴,河北省,保定市,130626
101090224,清苑,河北省,保定市,130608
101090225,博野,河北省,保定市,130637
101090301,张家口,河北省,张家口市,130700
101090302,宣化,河北省,张家口市,130705
101090303,张北,河北省,张家口市,130722
101090304,康保,河北省,张家口市,130723
101090305,沽源,河北省,张家口市,130724
101090306,尚义,河北省,张家口市,130725
101090307,蔚县,河北省,张家口市,130726
101090308,阳原,河北省,张家口市,130727
101090309,怀安,河北省,张家口市,130728
101090310,万全,河北省,张家口市,130708
101090311,怀来,河北省,张家口市,130730
101090312,涿鹿,河北省,张家口市,130731
101090313,赤城,河北省,张家口市,130732
101090314,崇礼,河北省,张家口市,130709
101090315,桥东,河北省,张家口市,130702
101090316,桥西,河北省,张家口市,130703
101090317,下花园,河北省,张家口市,130706
101090401,双桥,河北省,承德市,130802
101090402,承德,河北省,承德市,130800
101090403,承德县,河北省,承德市,130821
101090404,兴隆,河北省,承德市,130822
101090405,平泉,河北省,承德市,130881
101090406,滦平,河北省,承德市,130824
101090407,隆化,河北省,承德市,130825
101090408,丰宁,河北省,承德市,130826
101090409,宽城,河北省,承德市,130827
101090410,围场,河北省,承德市,130828
101090411,双滦,河北省,承德市,130803
101090412,鹰手营子矿,河北省,承德市,130804
101090501,唐山,河北省,唐山市,130200
101090502,丰南,河北省,唐山市,130207
101090503,丰润,河北省,唐山市,130208
101090504,滦州,河北省,唐山市,130284
101090505,滦南,河北省,唐山市,130224
101090506,乐亭,河北省,唐山市,130225
101090507,迁西,河北省,唐山市,130227
101090508,玉田,河北省,唐山市,130229
101090509,曹妃甸,河北省,唐山市,130209
101090510,遵化,河北省,唐山市,130281
101090511,迁安,河北省,唐山市,130283
101090513,路南,河北省,唐山市,130202
101090514,路北,河北省,唐山市,130203
101090515,古冶,河北省,唐山市,130204
101090516,开平,河北省,唐山市,130205
101090601,廊坊,河北省,廊坊市,131000
101090602,固安,河北省,廊坊市,131022
101090603,永清,河北省,廊坊市,131023
101090604,香河,河北省,廊坊市,131024
101090605,大城,河北省,廊坊市,131025
101090606,文安,河北省,廊坊市,131026
101090607,大厂,河北省,廊坊市,131028
101090608,霸州,河北省,廊坊市,131081
101090609,三河,河北省,廊坊市,131082
101090610,安次,河北省,廊坊市,131002
101090611,广阳,河北省,廊坊市,131003
101090701,沧州,河北省,沧州市,130900
101090702,青县,河北省,沧州市,130922
101090703,东光,河北省,沧州市,130923
101090704,海兴,河北省,沧州市,130924
101090705,盐山,河北省,沧州市,130925
101090706,肃宁,河北省,沧州市,130926
101090707,南皮,河北省,沧州市,130927
101090708,吴桥,河北省,沧州市,130928
101090709,献县,河北省,沧州市,130929
101090710,孟村,河北省,沧州市,130930
101090711,泊头,河北省,沧州市,130981
101090712,任丘,河北省,沧州市,130982
101090713,黄骅,河北省,沧州市,130983
101090714,河间,河北省,沧州市,130984
101090715,新华,河北省,沧州市,130902
101090716,沧县,河北省,沧州市,130921
101090717,运河,河北省,沧州市,130903
101090801,衡水,河北省,衡水市,131100
101090802,枣强,河北省,衡水市,131121
101090803,武邑,河北省,衡水市,131122
101090804,武强,河北省,衡水市,131123
101090805,饶阳,河北省,衡水市,131124
101090806,安平,河北省,衡水市,131125
101090807,故城,河北省,衡水市,131126
101090808,景县,河北省,衡水市,131127
101090809,阜城,河北省,衡水市,131128
101090810,冀州,河北省,衡水市,131103
101090811,深州,河北省,衡水市,131182
101090812,桃城,河北省,衡水市,131102
101090901,邢台,河北省,邢台市,130500
101090902,临城,河北省,邢台市,130522
101090903,襄都,河北省,邢台市,130502
101090904,内丘,河北省,邢台市,130523
101090905,柏乡,河北省,邢台市,130524
101090906,隆尧,河北省,邢台市,130525
101090907,南和,河北省,邢台市,130506
101090908,宁晋,河北省,邢台市,130528
101090909,巨鹿,河北省,邢台市,130529
101090910,新河,河北省,邢台市,130530
101090911,广宗,河北省,邢台市,130531
101090912,平乡,河北省,邢台市,130532
101090913,威县,河北省,邢台市,130533
101090914,清河,河北省,邢台市,130534
101090915,临西,河北省,邢台市,130535
101090916,南宫,河北省,邢台市,130581
101090917,沙河,河北省,邢台市,130582
101090918,任泽,河北省,邢台市,130505
101090919,信都,河北省,邢台市,130503
101091001,邯郸,河北省,邯郸市,130400
101091002,峰峰,河北省,邯郸市,130406
101091003,临漳,河北省,邯郸市,130423
101091004,成安,河北省,邯郸市,130424
101091005,大名,河北省,邯郸市,130425
101091006,涉县,河北省,邯郸市,130426
101091007,磁县,河北省,邯郸市,130427
101091008,肥乡,河北省,邯郸市,130407
101091009,永年,河北省,邯郸市,130408
101091010,邱县,河北省,邯郸市,130430
101091011,鸡泽,河北省,邯郸市,130431
101091012,广平,河北省,邯郸市,130432
101091013,馆陶,河北省,邯郸市,130433
101091014,魏县,河北省,邯郸市,130434
101091015,曲周,河北省,邯郸市,130435
101091016,武安,河北省,邯郸市,130481
101091017,邯山,河北省,邯郸市,130402
101091018,丛台,河北省,邯郸市,130403
101091019,复兴,河北省,邯郸市,130404
101091101,秦皇岛,河北省,秦皇岛市,130300
101091102,青龙,河北省,秦皇岛市,130321
101091103,昌黎,河北省,秦皇岛市,130322
101091104,抚宁,河北省,秦皇岛市,130306
101091105,卢龙,河北省,秦皇岛市,130324
101091106,北戴河,河北省,秦皇岛市,130304
101091107,海港,河北省,秦皇岛市,130302
101091108,山海关,河北省,秦皇岛市,130303
101091201,雄安新区,河北省,雄安新区,130638
101091202,容城,河北省,保定市,130629
101091203,安新,河北省,保定市,130632
101091204,雄县,河北省,保定市,130638
101100101,太原,山西省,太原市,140100
101100102,清徐,山西省,太原市,140121
101100103,阳曲,山西省,太原市,140122
101100104,娄烦,山西省,太原市,140123
101100105,古交,山西省,太原市,140181
101100106,尖草坪区,山西省,太原市,140108
101100107,小店区,山西省,太原市,140105
101100108,迎泽,山西省,太原市,140106
101100109,杏花岭,山西省,太原市,140107
101100110,万柏林,山西省,太原市,140109
101100111,晋源,山西省,太原市,140110
101100201,大同,山西省,大同市,140200
101100202,阳高,山西省,大同市,140221
101100203,云州,山西省,大同市,140215
101100204,天镇,山西省,大同市,140222
101100205,广灵,山西省,大同市,140223
101100206,灵丘,山西省,大同市,140224
101100207,浑源,山西省,大同市,140225
101100208,左云,山西省,大同市,140226
101100209,云冈,山西省,大同市,140214
101100211,新荣,山西省,大同市,140212
101100214,平城,山西省,大同市,140213
101100301,阳泉,山西省,阳泉市,140300
101100302,盂县,山西省,阳泉市,140322
101100303,平定,山西省,阳泉市,140321
101100304,矿区,山西省,阳泉市,140303
101100305,郊区,山西省,阳泉市,140311
101100306,城区,山西省,阳泉市,140302
101100401,晋中,山西省,晋中市,140700
101100402,榆次,山西省,晋中市,140702
101100403,榆社,山西省,晋中市,140721
101100404,左权,山西省,晋中市,140722
101100405,和顺,山西省,晋中市,140723
101100406,昔阳,山西省,晋中市,140724
101100407,寿阳,山西省,晋中市,140725
101100408,太谷,山西省,晋中市,140703
101100409,祁县,山西省,晋中市,140727
101100410,平遥,山西省,晋中市,140728
101100411,灵石,山西省,晋中市,140729
101100412,介休,山西省,晋中市,140781
101100501,长治,山西省,长治市,140400
101100502,黎城,山西省,长治市,140426
101100503,屯留,山西省,长治市,140405
101100504,潞城,山西省,长治市,140406
101100505,襄垣,山西省,长治市,140423
101100506,平顺,山西省,长治市,140425
101100507,武乡,山西省,长治市,140429
101100508,沁县,山西省,长治市,140430
101100509,长子,山西省,长治市,140428
101100510,沁源,山西省,长治市,140431
101100511,壶关,山西省,长治市,140427
101100512,潞州,山西省,长治市,140403
101100513,上党,山西省,长治市,140404
101100601,晋城,山西省,晋城市,140500
101100602,沁水,山西省,晋城市,140521
101100603,阳城,山西省,晋城市,140522
101100604,陵川,山西省,晋城市,140524
101100605,高平,山西省,晋城市,140581
101100606,泽州,山西省,晋城市,140525
101100607,城区,山西省,晋城市,140502
101100701,临汾,山西省,临汾市,141000
101100702,曲沃,山西省,临汾市,141021
101100703,永和,山西省,临汾市,141032
101100704,隰县,山西省,临汾市,141031
101100705,大宁,山西省,临汾市,141030
101100706,吉县,山西省,临汾市,141028
101100707,襄汾,山西省,临汾市,141023
101100708,蒲县,山西省,临汾市,141033
101100709,汾西,山西省,临汾市,141034
101100710,洪洞,山西省,临汾市,141024
101100711,霍州,山西省,临汾市,141082
101100712,乡宁,山西省,临汾市,141029
101100713,翼城,山西省,临汾市,141022
101100714,侯马,山西省,临汾市,141081
101100715,浮山,山西省,临汾市,141027
101100716,安泽,山西省,临汾市,141026
101100717,古县,山西省,临汾市,141025
101100718,尧都,山西省,临汾市,141002
101100801,运城,山西省,运城市,140800
101100802,临猗,山西省,运城市,140821
101100803,稷山,山西省,运城市,140824
101100804,万荣,山西省,运城市,140822
101100805,河津,山西省,运城市,140882
101100806,新绛,山西省,运城市,140825
101100807,绛县,山西省,运城市,140826
101100808,闻喜,山西省,运城市,140823
101100809,垣曲,山西省,运城市,140827
101100810,永济,山西省,运城市,140881
101100811,芮城,山西省,运城市,140830
101100812,夏县,山西省,运城市,140828
101100813,平陆,山西省,运城市,140829
101100814,盐湖,山西省,运城市,140802
101100901,朔州,山西省,朔州市,140600
101100902,平鲁,山西省,朔州市,140603
101100903,山阴,山西省,朔州市,140621
101100904,右玉,山西省,朔州市,140623
101100905,应县,山西省,朔州市,140622
101100906,怀仁,山西省,朔州市,140681
101100907,朔城,山西省,朔州市,140602
101101001,忻州,山西省,忻州市,140900
101101002,定襄,山西省,忻州市,140921
101101003,五台县,山西省,忻州市,140922
101101004,河曲,山西省,忻州市,140930
101101005,偏关,山西省,忻州市,140932
101101006,神池,山西省,忻州市,140927
101101007,宁武,山西省,忻州市,140925
101101008,代县,山西省,忻州市,140923
101101009,繁峙,山西省,忻州市,140924
101101011,保德,山西省,忻州市,140931
101101012,静乐,山西省,忻州市,140926
101101013,岢岚,山西省,忻州市,140929
101101014,五寨,山西省,忻州市,140928
101101015,原平,山西省,忻州市,140981
101101016,忻府,山西省,忻州市,140902
101101100,吕梁,山西省,吕梁市,141100
101101101,离石,山西省,吕梁市,141102
101101102,临县,山西省,吕梁市,141124
101101103,兴县,山西省,吕梁市,141123
101101104,岚县,山西省,吕梁市,141127
101101105,柳林,山西省,吕梁市,141125
101101106,石楼,山西省,吕梁市,141126
101101107,方山,山西省,吕梁市,141128
101101108,交口,山西省,吕梁市,141130
101101109,中阳,山西省,吕梁市,141129
101101110,孝义,山西省,吕梁市,141181
101101111,汾阳,山西省,吕梁市,141182
101101112,文水,山西省,吕梁市,141121
101101113,交城,山西省,吕梁市,141122
101110101,西安,陕西省,西安市,610100
101110102,长安,陕西省,西安市,610116
101110103,临潼,陕西省,西安市,610115
101110104,蓝田,陕西省,西安市,610122
101110105,周至,陕西省,西安市,610124
101110106,鄠邑,陕西省,西安市,610118
101110107,高陵,陕西省,西安市,610117
101110108,新城,陕西省,西安市,610102
101110109,碑林,陕西省,西安市,610103
101110110,莲湖,陕西省,西安市,610104
101110111,灞桥,陕西省,西安市,610111
101110112,未央,陕西省,西安市,610112
101110113,雁塔,陕西省,西安市,610113
101110114,阎良,陕西省,西安市,610114
101110200,咸阳,陕西省,咸阳市,610400
101110201,三原,陕西省,咸阳市,610422
101110202,礼泉,陕西省,咸阳市,610425
101110203,永寿,陕西省,咸阳市,610426
101110204,淳化,陕西省,咸阳市,610430
101110205,泾阳,陕西省,咸阳市,610423
101110206,武功,陕西省,咸阳市,610431
101110207,乾县,陕西省,咸阳市,610424
101110208,彬州,陕西省,咸阳市,610482
101110209,长武,陕西省,咸阳市,610428
101110210,旬邑,陕西省,咸阳市,610429
101110211,兴平,陕西省,咸阳市,610481
101110212,秦都,陕西省,咸阳市,610402
101110213,渭城,陕西省,咸阳市,610404
101110300,延安,陕西省,延安市,610600
101110301,延长,陕西省,延安市,610621
101110302,延川,陕西省,延安市,610622
101110303,子长,陕西省,延安市,610681
101110304,宜川,陕西省,延安市,610630
101110305,富县,陕西省,延安市,610628
101110306,志丹,陕西省,延安市,610625
101110307,安塞,陕西省,延安市,610603
101110308,甘泉,陕西省,延安市,610627
101110309,洛川,陕西省,延安市,610629
101110310,黄陵,陕西省,延安市,610632
101110311,黄龙,陕西省,延安市,610631
101110312,吴起,陕西省,延安市,610626
101110313,宝塔,陕西省,延安市,610602
101110401,榆林,陕西省,榆林市,610800
101110402,府谷,陕西省,榆林市,610822
101110403,神木,陕西省,榆林市,610881
101110404,佳县,陕西省,榆林市,610828
101110405,定边,陕西省,榆林市,610825
101110406,靖边,陕西省,榆林市,610824
101110407,横山,陕西省,榆林市,610803
101110408,米脂,陕西省,榆林市,610827
101110409,子洲,陕西省,榆林市,610831
101110410,绥德,陕西省,榆林市,610826
101110411,吴堡,陕西省,榆林市,610829
101110412,清涧,陕西省,榆林市,610830
101110413,榆阳,陕西省,榆林市,610802
101110501,渭南,陕西省,渭南市,610500
101110503,潼关,陕西省,渭南市,610522
101110504,大荔,陕西省,渭南市,610523
101110505,白水,陕西省,渭南市,610527
101110506,富平,陕西省,渭南市,610528
101110507,蒲城,陕西省,渭南市,610526
101110508,澄城,陕西省,渭南市,610525
101110509,合阳,陕西省,渭南市,610524
101110510,韩城,陕西省,渭南市,610581
101110511,华阴,陕西省,渭南市,610582
101110512,临渭,陕西省,渭南市,610502
101110513,华州,陕西省,渭南市,610503
101110601,商洛,陕西省,商洛市,611000
101110602,洛南,陕西省,商洛市,611021
101110603,柞水,陕西省,商洛市,611026
101110604,商州,陕西省,商洛市,611002
101110605,镇安,陕西省,商洛市,611025
101110606,丹凤,陕西省,商洛市,611022
101110607,商南,陕西省,商洛市,611023
101110608,山阳,陕西省,商洛市,611024
101110701,安康,陕西省,安康市,610900
101110702,紫阳,陕西省,安康市,610924
101110703,石泉,陕西省,安康市,610922
101110704,汉阴,陕西省,安康市,610921
101110705,旬阳,陕西省,安康市,610928
101110706,岚皋,陕西省,安康市,610925
101110707,平利,陕西省,安康市,610926
101110708,白河,陕西省,安康市,610929
101110709,镇坪,陕西省,安康市,610927
101110710,宁陕,陕西省,安康市,610923
101110711,汉滨,陕西省,安康市,610902
101110801,汉中,陕西省,汉中市,610700
101110802,略阳,陕西省,汉中市,610727
101110803,勉县,陕西省,汉中市,610725
101110804,留坝,陕西省,汉中市,610729
101110805,洋县,陕西省,汉中市,610723
101110806,城固,陕西省,汉中市,610722
101110807,西乡,陕西省,汉中市,610724
101110808,佛坪,陕西省,汉中市,610730
101110809,宁强,陕西省,汉中市,610726
101110810,南郑,陕西省,汉中市,610703
101110811,镇巴,陕西省,汉中市,610728
101110812,汉台,陕西省,汉中市,610702
101110901,宝鸡,陕西省,宝鸡市,610300
101110902,渭滨,陕西省,宝鸡市,610302
101110903,千阳,陕西省,宝鸡市,610328
101110904,麟游,陕西省,宝鸡市,610329
101110905,岐山,陕西省,宝鸡市,610323
101110906,凤翔,陕西省,宝鸡市,610322
101110907,扶风,陕西省,宝鸡市,610324
101110908,眉县,陕西省,宝鸡市,610326
101110909,太白,陕西省,宝鸡市,610331
101110910,凤县,陕西省,宝鸡市,610330
101110911,陇县,陕西省,宝鸡市,610327
101110912,陈仓,陕西省,宝鸡市,610304
101110913,金台,陕西省,宝鸡市,610303
101111001,铜川,陕西省,铜川市,610200
101111003,宜君,陕西省,铜川市,610222
101111004,耀州,陕西省,铜川市,610204
101111005,王益,陕西省,铜川市,610202
101111006,印台,陕西省,铜川市,610203
101111102,杨陵,陕西省,咸阳市,610403
101120101,济南,山东省,济南市,370100
101120102,长清,山东省,济南市,370113
101120103,商河,山东省,济南市,370126
101120104,章丘,山东省,济南市,370114
101120105,平阴,山东省,济南市,370124
101120106,济阳,山东省,济南市,370115
101120107,历下,山东省,济南市,370102
101120108,市中,山东省,济南市,370103
101120109,槐荫,山东省,济南市,370104
101120110,天桥,山东省,济南市,370105
101120111,历城,山东省,济南市,370112
101120201,青岛,山东省,青岛市,370200
101120202,崂山,山东省,青岛市,370212
101120203,市南,山东省,青岛市,370202
101120204,即墨,山东省,青岛市,370215
101120205,胶州,山东省,青岛市,370281
101120206,黄岛,山东省,青岛市,370211
101120207,莱西,山东省,青岛市,370285
101120208,平度,山东省,青岛市,370283
101120209,市北,山东省,青岛市,370203
101120210,李沧,山东省,青岛市,370213
101120211,城阳,山东省,青岛市,370214
101120301,淄博,山东省,淄博市,370300
101120302,淄川,山东省,淄博市,370302
101120303,博山,山东省,淄博市,370304
101120304,高青,山东省,淄博市,370322
101120305,周村,山东省,淄博市,370306
101120306,沂源,山东省,淄博市,370323
101120307,桓台,山东省,淄博市,370321
101120308,临淄,山东省,淄博市,370305
101120309,张店,山东省,淄博市,370303
101120401,德州,山东省,德州市,371400
101120402,武城,山东省,德州市,371428
101120403,临邑,山东省,德州市,371424
101120405,齐河,山东省,德州市,371425
101120406,乐陵,山东省,德州市,371481
101120407,庆云,山东省,德州市,371423
101120408,平原,山东省,德州市,371426
101120409,宁津,山东省,德州市,371422
101120410,夏津,山东省,德州市,371427
101120411,禹城,山东省,德州市,371482
101120412,德城,山东省,德州市,371402
101120413,陵城,山东省,德州市,371403
101120501,烟台,山东省,烟台市,370600
101120502,莱州,山东省,烟台市,370683
101120504,蓬莱,山东省,烟台市,370614
101120505,龙口,山东省,烟台市,370681
101120506,招远,山东省,烟台市,370685
101120507,栖霞,山东省,烟台市,370686
101120508,福山,山东省,烟台市,370611
101120509,牟平,山东省,烟台市,370612
101120510,莱阳,山东省,烟台市,370682
101120511,海阳,山东省,烟台市,370687
101120512,芝罘,山东省,烟台市,370602
101120513,莱山,山东省,烟台市,370613
101120601,潍坊,山东省,潍坊市,370700
101120602,青州,山东省,潍坊市,370781
101120603,寿光,山东省,潍坊市,370783
101120604,临朐,山东省,潍坊市,370724
101120605,昌乐,山东省,潍坊市,370725
101120606,昌邑,山东省,潍坊市,370786
101120607,安丘,山东省,潍坊市,370784
101120608,高密,山东省,潍坊市,370785
101120609,诸城,山东省,潍坊市,370782
101120610,潍城,山东省,潍坊市,370702
101120611,寒亭,山东省,潍坊市,370703
101120612,坊子,山东省,潍坊市,370704
101120613,奎文,山东省,潍坊市,370705
101120701,济宁,山东省,济宁市,370800
101120702,嘉祥,山东省,济宁市,370829
101120703,微山,山东省,济宁市,370826
101120704,鱼台,山东省,济宁市,370827
101120705,兖州,山东省,济宁市,370812
101120706,金乡,山东省,济宁市,370828
101120707,汶上,山东省,济宁市,370830
101120708,泗水,山东省,济宁市,370831
101120709,梁山,山东省,济宁市,370832
101120710,曲阜,山东省,济宁市,370881
101120711,邹城,山东省,济宁市,370883
101120712,任城,山东省,济宁市,370811
101120801,泰安,山东省,泰安市,370900
101120802,新泰,山东省,泰安市,370982
101120803,泰山,山东省,泰安市,370902
101120804,肥城,山东省,泰安市,370983
101120805,东平,山东省,泰安市,370923
101120806,宁阳,山东省,泰安市,370921
101120807,岱岳,山东省,泰安市,370911
101120901,临沂,山东省,临沂市,371300
101120902,莒南,山东省,临沂市,371327
101120903,沂南,山东省,临沂市,371321
101120904,兰陵,山东省,临沂市,371324
101120905,临沭,山东省,临沂市,371329
101120906,郯城,山东省,临沂市,371322
101120907,蒙阴,山东省,临沂市,371328
101120908,平邑,山东省,临沂市,371326
101120909,费县,山东省,临沂市,371325
101120910,沂水,山东省,临沂市,371323
101120911,兰山,山东省,临沂市,371302
101120912,罗庄,山东省,临沂市,371311
101120913,河东,山东省,临沂市,371312
101121001,菏泽,山东省,菏泽市,371700
101121002,鄄城,山东省,菏泽市,371726
101121003,郓城,山东省,菏泽市,371725
101121004,东明,山东省,菏泽市,371728
101121005,定陶,山东省,菏泽市,371703
101121006,巨野,山东省,菏泽市,371724
101121007,曹县,山东省,菏泽市,371721
101121008,成武,山东省,菏泽市,371723
101121009,单县,山东省,菏泽市,371722
101121010,牡丹,山东省,菏泽市,371702
101121101,滨州,山东省,滨州市,371600
101121102,博兴,山东省,滨州市,371625
101121103,无棣,山东省,滨州市,371623
101121104,阳信,山东省,滨州市,371622
101121105,惠民,山东省,滨州市,371621
101121106,沾化,山东省,滨州市,371603
101121107,邹平,山东省,滨州市,371681
101121108,滨城,山东省,滨州市,371602
101121201,东营,山东省,东营市,370500
101121202,河口,山东省,东营市,370503
101121203,垦利,山东省,东营市,370505
101121204,利津,山东省,东营市,370522
101121205,广饶,山东省,东营市,370523
101121206,东营区,山东省,东营市,370502
101121301,威海,山东省,威海市,371000
101121302,文登,山东省,威海市,371003
101121303,荣成,山东省,威海市,371082
101121304,乳山,山东省,威海市,371083
101121307,环翠,山东省,威海市,371002
101121401,枣庄,山东省,威海市,370400
101121402,薛城,山东省,威海市,370403
101121403,峄城,山东省,威海市,370404
101121404,台儿庄,山东省,威海市,370405
101121405,滕州,山东省,威海市,370481
101121406,市中,山东省,威海市,370402
101121407,山亭,山东省,威海市,370406
101121501,日照,山东省,日照市,371100
101121502,五莲,山东省,日照市,371121
101121503,莒县,山东省,日照市,371122
101121504,东港,山东省,日照市,371102
101121505,岚山,山东省,日照市,371103
101121601,莱芜,山东省,莱芜市,370116
101121603,钢城,山东省,莱芜市,370117
101121701,聊城,山东省,聊城市,371500
101121702,冠县,山东省,聊城市,371525
101121703,阳谷,山东省,聊城市,371521
101121704,高唐,山东省,聊城市,371526
101121705,茌平,山东省,聊城市,371503
101121706,东阿,山东省,聊城市,371524
101121707,临清,山东省,聊城市,371581
101121708,东昌府,山东省,聊城市,371502
101121709,莘县,山东省,聊城市,371522
101130101,乌鲁木齐,新疆维吾尔自治区,乌鲁木齐市,650100
101130102,天山,新疆维吾尔自治区,乌鲁木齐市,650102
101130104,沙依巴克,新疆维吾尔自治区,乌鲁木齐市,650103
101130105,达坂城,新疆维吾尔自治区,乌鲁木齐市,650107
101130106,新市,新疆维吾尔自治区,乌鲁木齐市,650104
101130107,水磨沟,新疆维吾尔自治区,乌鲁木齐市,650105
101130111,头屯河,新疆维吾尔自治区,乌鲁木齐市,650106
101130112,米东,新疆维吾尔自治区,乌鲁木齐市,650109
101130113,乌鲁木齐县,新疆维吾尔自治区,乌鲁木齐市,650121
101130201,克拉玛依,新疆维吾尔自治区,克拉玛依市,650200
101130202,乌尔禾,新疆维吾尔自治区,克拉玛依市,650205
101130203,白碱滩,新疆维吾尔自治区,克拉玛依市,650204
101130204,独山子,新疆维吾尔自治区,克拉玛依市,650202
101130205,克拉玛依区,新疆维吾尔自治区,克拉玛依市,650203
101130301,石河子,新疆维吾尔自治区,石河子市,659001
101130401,昌吉,新疆维吾尔自治区,昌吉回族自治州,652300
101130402,呼图壁,新疆维吾尔自治区,昌吉回族自治州,652323
101130404,阜康,新疆维吾尔自治区,昌吉回族自治州,652302
101130405,吉木萨尔,新疆维吾尔自治区,昌吉回族自治州,652327
101130406,奇台,新疆维吾尔自治区,昌吉回族自治州,652325
101130407,玛纳斯,新疆维吾尔自治区,昌吉回族自治州,652324
101130408,木垒,新疆维吾尔自治区,昌吉回族自治州,652328
101130410,昌吉市,新疆维吾尔自治区,昌吉回族自治州,652301
101130501,吐鲁番,新疆维吾尔自治区,吐鲁番市,650400
101130502,托克逊,新疆维吾尔自治区,吐鲁番市,650422
101130503,高昌,新疆维吾尔自治区,吐鲁番市,650402
101130504,鄯善,新疆维吾尔自治区,吐鲁番市,650421
101130601,库尔勒,新疆维吾尔自治区,巴音郭楞蒙古自治州,652801
101130602,轮台,新疆维吾尔自治区,巴音郭楞蒙古自治州,652822
101130603,尉犁,新疆维吾尔自治区,巴音郭楞蒙古自治州,652823
101130604,若羌,新疆维吾尔自治区,巴音郭楞蒙古自治州,652824
101130605,且末,新疆维吾尔自治区,巴音郭楞蒙古自治州,652825
101130606,和静,新疆维吾尔自治区,巴音郭楞蒙古自治州,652827
101130607,焉耆,新疆维吾尔自治区,巴音郭楞蒙古自治州,652826
101130608,和硕,新疆维吾尔自治区,巴音郭楞蒙古自治州,652828
101130609,巴音郭楞,新疆维吾尔自治区,巴音郭楞蒙古自治州,652800
101130612,博湖,新疆维吾尔自治区,巴音郭楞蒙古自治州,652829
101130701,阿拉尔,新疆维吾尔自治区,阿拉尔市,659002
101130801,阿克苏,新疆维吾尔自治区,阿克苏地区,652900
101130802,乌什,新疆维吾尔自治区,阿克苏地区,652927
101130803,温宿,新疆维吾尔自治区,阿克苏地区,652922
101130804,拜城,新疆维吾尔自治区,阿克苏地区,652926
101130805,新和,新疆维吾尔自治区,阿克苏地区,652925
101130806,沙雅,新疆维吾尔自治区,阿克苏地区,652924
101130807,库车,新疆维吾尔自治区,阿克苏地区,652902
101130808,柯坪,新疆维吾尔自治区,阿克苏地区,652929
101130809,阿瓦提,新疆维吾尔自治区,阿克苏地区,652928
101130810,阿克苏市,新疆维吾尔自治区,阿克苏地区,652901
101130901,喀什,新疆维吾尔自治区,喀什地区,653100
101130902,英吉沙,新疆维吾尔自治区,喀什地区,653123
101130903,塔什库尔干,新疆维吾尔自治区,喀什地区,653131
101130904,麦盖提,新疆维吾尔自治区,喀什地区,653127
101130905,莎车,新疆维吾尔自治区,喀什地区,653125
101130906,叶城,新疆维吾尔自治区,喀什地区,653126
101130907,泽普,新疆维吾尔自治区,喀什地区,653124
101130908,巴楚,新疆维吾尔自治区,喀什地区,653130
101130909,岳普湖,新疆维吾尔自治区,喀什地区,653128
101130910,伽师,新疆维吾尔自治区,喀什地区,653129
101130911,疏附,新疆维吾尔自治区,喀什地区,653121
101130912,疏勒,新疆维吾尔自治区,喀什地区,653122
101130913,喀什市, 新疆维吾尔自治区,喀什地区,653101
101131001,伊宁,新疆维吾尔自治区,伊犁哈萨克自治州,654002
101131002,察布查尔,新疆维吾尔自治区,伊犁哈萨克自治州,654022
101131003,尼勒克,新疆维吾尔自治区,伊犁哈萨克自治州,654028
101131004,伊宁县,新疆维吾尔自治区,伊犁哈萨克自治州,654021
101131005,巩留,新疆维吾尔自治区,伊犁哈萨克自治州,654024
101131006,新源,新疆维吾尔自治区,伊犁哈萨克自治州,654025
101131007,昭苏,新疆维吾尔自治区,伊犁哈萨克自治州,654026
101131008,特克斯,新疆维吾尔自治区,伊犁哈萨克自治州,654027
101131009,霍城,新疆维吾尔自治区,伊犁哈萨克自治州,654023
101131010,霍尔果斯,新疆维吾尔自治区,伊犁哈萨克自治州,654004
101131011,奎屯,新疆维吾尔自治区,伊犁哈萨克自治州,654003
101131012,伊犁,新疆维吾尔自治区,伊犁哈萨克自治州,654000
101131101,塔城,新疆维吾尔自治区,塔城地区,654200
101131102,裕民,新疆维吾尔自治区,塔城地区,654225
101131103,额敏,新疆维吾尔自治区,塔城地区,654221
101131104,和布克赛尔,新疆维吾尔自治区,塔城地区,654226
101131105,托里,新疆维吾尔自治区,塔城地区,654224
101131106,乌苏,新疆维吾尔自治区,塔城地区,654202
101131107,沙湾,新疆维吾尔自治区,塔城地区,654223
101131108,塔城市,新疆维吾尔自治区,塔城地区,654201
101131201,哈密,新疆维吾尔自治区,哈密市,650500
101131202,伊州,新疆维吾尔自治区,哈密市,650502
101131203,巴里坤,新疆维吾尔自治区,哈密市,650521
101131204,伊吾,新疆维吾尔自治区,哈密市,650522
101131301,和田,新疆维吾尔自治区,和田地区,653200
101131302,皮山,新疆维吾尔自治区,和田地区,653223
101131303,策勒,新疆维吾尔自治区,和田地区,653225
101131304,墨玉,新疆维吾尔自治区,和田地区,653222
101131305,洛浦,新疆维吾尔自治区,和田地区,653224
101131306,民丰,新疆维吾尔自治区,和田地区,653227
101131307,于田,新疆维吾尔自治区,和田地区,653226
101131308,和田,新疆维吾尔自治区,和田地区,653201
101131309,和田县,新疆维吾尔自治区,和田地区,653221
101131401,阿勒泰,新疆维吾尔自治区,阿勒泰地区,654300
101131402,哈巴河,新疆维吾尔自治区,阿勒泰地区,654324
101131405,吉木乃,新疆维吾尔自治区,阿勒泰地区,654326
101131406,布尔津,新疆维吾尔自治区,阿勒泰地区,654321
101131407,福海,新疆维吾尔自治区,阿勒泰地区,654323
101131408,富蕴,新疆维吾尔自治区,阿勒泰地区,654322
101131409,青河,新疆维吾尔自治区,阿勒泰地区,654325
101131410,阿勒泰,新疆维吾尔自治区,阿勒泰地区,654301
101131501,阿图什,新疆维吾尔自治区,克孜勒苏柯尔克孜自治州,653001
101131502,乌恰,新疆维吾尔自治区,克孜勒苏柯尔克孜自治州,653024
101131503,阿克陶,新疆维吾尔自治区,克孜勒苏柯尔克孜自治州,653022
101131504,阿合奇,新疆维吾尔自治区,克孜勒苏柯尔克孜自治州,653023
101131505,克州,新疆维吾尔自治区,克孜勒苏柯尔克孜自治州,653000
101131601,博乐,新疆维吾尔自治区,博尔塔拉蒙古自治州,652701
101131602,温泉,新疆维吾尔自治区,博尔塔拉蒙古自治州,652723
101131603,精河,新疆维吾尔自治区,博尔塔拉蒙古自治州,652722
101131604,博尔塔拉,新疆维吾尔自治区,博尔塔拉蒙古自治州,652700
101131606,阿拉山口,新疆维吾尔自治区,博尔塔拉蒙古自治州,652702
101131701,图木舒克,新疆维吾尔自治区,图木舒克市,659003
101131801,五家渠,新疆维吾尔自治区,五家渠市,659004
101131901,铁门关,新疆维吾尔自治区,铁门关市,659006
101131920,昆玉,新疆维吾尔自治区,昆玉市,659009
101132101,北屯,新疆维吾尔自治区,北屯市,659005
101132201,双河,新疆维吾尔自治区,双河市,659007
101132301,可克达拉,新疆维吾尔自治区,可克达拉市,659008
101132401,胡杨河,新疆维吾尔自治区,胡杨河市,659010
101140101,拉萨,西藏自治区,拉萨市,540100
101140102,当雄,西藏自治区,拉萨市,540122
101140103,尼木,西藏自治区,拉萨市,540123
101140104,林周,西藏自治区,拉萨市,540121
101140105,堆龙德庆,西藏自治区,拉萨市,540103
101140106,曲水,西藏自治区,拉萨市,540124
101140107,达孜,西藏自治区,拉萨市,540104
101140108,墨竹工卡,西藏自治区,拉萨市,540127
101140109,城关,西藏自治区,拉萨市,540102
101140201,日喀则,西藏自治区,日喀则市,540200
101140202,拉孜,西藏自治区,日喀则市,540225
101140203,南木林,西藏自治区,日喀则市,540221
101140204,聂拉木,西藏自治区,日喀则市,540235
101140205,定日,西藏自治区,日喀则市,540223
101140206,江孜,西藏自治区,日喀则市,540222
101140208,仲巴,西藏自治区,日喀则市,540232
101140209,萨嘎,西藏自治区,日喀则市,540236
101140210,吉隆,西藏自治区,日喀则市,540234
101140211,昂仁,西藏自治区,日喀则市,540226
101140212,定结,西藏自治区,日喀则市,540231
101140213,萨迦,西藏自治区,日喀则市,540224
101140214,谢通门,西藏自治区,日喀则市,540227
101140215,桑珠孜,西藏自治区,日喀则市,540202
101140216,岗巴,西藏自治区,日喀则市,540237
101140217,白朗,西藏自治区,日喀则市,540228
101140218,亚东,西藏自治区,日喀则市,540233
101140219,康马,西藏自治区,日喀则市,540230
101140220,仁布,西藏自治区,日喀则市,540229
101140301,山南,西藏自治区,山南市,540500
101140302,贡嘎,西藏自治区,山南市,540522
101140303,扎囊,西藏自治区,山南市,540521
101140304,加查,西藏自治区,山南市,540528
101140305,浪卡子,西藏自治区,山南市,540531
101140306,错那,西藏自治区,山南市,540530
101140307,隆子,西藏自治区,山南市,540529
101140309,乃东,西藏自治区,山南市,540502
101140310,桑日,西藏自治区,山南市,540523
101140311,洛扎,西藏自治区,山南市,540527
101140312,措美,西藏自治区,山南市,540526
101140313,琼结,西藏自治区,山南市,540524
101140314,曲松,西藏自治区,山南市,540525
101140401,林芝,西藏自治区,林芝市,540400
101140402,波密,西藏自治区,林芝市,540424
101140403,米林,西藏自治区,林芝市,540422
101140404,察隅,西藏自治区,林芝市,540425
101140405,工布江达,西藏自治区,林芝市,540421
101140406,朗县,西藏自治区,林芝市,540426
101140407,墨脱,西藏自治区,林芝市,540423
101140408,巴宜,西藏自治区,林芝市,540402
101140501,昌都,西藏自治区,昌都市,540300
101140502,丁青,西藏自治区,昌都市,540324
101140503,边坝,西藏自治区,昌都市,540330
101140504,洛隆,西藏自治区,昌都市,540329
101140505,左贡,西藏自治区,昌都市,540327
101140506,芒康,西藏自治区,昌都市,540328
101140507,类乌齐,西藏自治区,昌都市,540323
101140508,八宿,西藏自治区,昌都市,540326
101140509,江达,西藏自治区,昌都市,540321
101140510,察雅,西藏自治区,昌都市,540325
101140511,贡觉,西藏自治区,昌都市,540322
101140512,卡若,西藏自治区,昌都市,540302
101140601,那曲,西藏自治区,那曲市,540600
101140602,尼玛,西藏自治区,那曲市,540629
101140603,嘉黎,西藏自治区,那曲市,540621
101140604,班戈,西藏自治区,那曲市,540627
101140605,安多,西藏自治区,那曲市,540624
101140606,索县,西藏自治区,那曲市,540626
101140607,聂荣,西藏自治区,那曲市,540623
101140608,巴青,西藏自治区,那曲市,540628
101140609,比如,西藏自治区,那曲市,540622
101140610,双湖,西藏自治区,那曲市,540630
101140611,申扎,西藏自治区,那曲市,540625
101140612,色尼,西藏自治区,那曲市,540602
101140701,阿里,西藏自治区,阿里地区,542500
101140702,改则,西藏自治区,阿里地区,542526
101140705,普兰,西藏自治区,阿里地区,542521
101140706,札达,西藏自治区,阿里地区,542522
101140707,噶尔,西藏自治区,阿里地区,542523
101140708,日土,西藏自治区,阿里地区,542524
101140709,革吉,西藏自治区,阿里地区,542525
101140710,措勤,西藏自治区,阿里地区,542527
101150101,西宁,青海省,西宁市,630100
101150102,大通,青海省,西宁市,630121
101150103,湟源,青海省,西宁市,630123
101150104,湟中,青海省,西宁市,630106
101150105,城东,青海省,西宁市,630102
101150106,城中,青海省,西宁市,630103
101150107,城西,青海省,西宁市,630104
101150108,城北,青海省,西宁市,630105
101150201,平安,青海省,海东市,630203
101150202,乐都,青海省,海东市,630202
101150203,民和,青海省,海东市,630222
101150204,互助,青海省,海东市,630223
101150205,化隆,青海省,海东市,630224
101150206,循化,青海省,海东市,630225
101150207,海东,青海省,海东市,630200
101150301,同仁,青海省,黄南藏族自治州,632301
101150302,尖扎,青海省,黄南藏族自治州,632322
101150303,泽库,青海省,黄南藏族自治州,632323
101150304,河南,青海省,黄南藏族自治州,632324
101150305,黄南,青海省,黄南藏族自治州,632300
101150401,共和,青海省,海南藏族自治州,632521
101150402,海南,青海省,海南藏族自治州,632500
101150404,贵德,青海省,海南藏族自治州,632523
101150406,兴海,青海省,海南藏族自治州,632524
101150407,贵南,青海省,海南藏族自治州,632525
101150408,同德,青海省,海南藏族自治州,632522
101150501,玛沁,青海省,果洛藏族自治州,632621
101150502,班玛,青海省,果洛藏族自治州,632622
101150503,甘德,青海省,果洛藏族自治州,632623
101150504,达日,青海省,果洛藏族自治州,632624
101150505,久治,青海省,果洛藏族自治州,632625
101150506,玛多,青海省,果洛藏族自治州,632626
101150507,果洛,青海省,果洛藏族自治州,632600
101150601,玉树,青海省,玉树藏族自治州,632700
101150602,称多,青海省,玉树藏族自治州,632723
101150603,治多,青海省,玉树藏族自治州,632724
101150604,杂多,青海省,玉树藏族自治州,632722
101150605,囊谦,青海省,玉树藏族自治州,632725
101150606,曲麻莱,青海省,玉树藏族自治州,632726
101150607,玉树,青海省,玉树,632701
101150701,德令哈,青海省,海西蒙古族藏族自治州,632802
101150702,海西,青海省,海西蒙古族藏族自治州,632800
101150708,天峻,青海省,海西蒙古族藏族自治州,632823
101150709,乌兰,青海省,海西蒙古族藏族自治州,632821
101150712,茫崖,青海省,海西蒙古族藏族自治州,632803
101150713,大柴旦,青海省,海西蒙古族藏族自治州,632825
101150714,格尔木,青海省,海西蒙古族藏族自治州,632801
101150715,都兰,青海省,海西蒙古族藏族自治州,632822
101150801,海晏,青海省,海北藏族自治州,632223
101150802,门源,青海省,海北藏族自治州,632221
101150803,祁连,青海省,海北藏族自治州,632222
101150804,海北,青海省,海北藏族自治州,632200
101150806,刚察,青海省,海北藏族自治州,632224
101160101,兰州,甘肃省,兰州市,620100
101160102,皋兰,甘肃省,兰州市,620122
101160103,永登,甘肃省,兰州市,620121
101160104,榆中,甘肃省,兰州市,620123
101160105,城关,甘肃省,兰州市,620102
101160106,七里河,甘肃省,兰州市,620103
101160107,西固,甘肃省,兰州市,620104
101160108,安宁,甘肃省,兰州市,620105
101160109,红古,甘肃省,兰州市,620111
101160201,定西,甘肃省,定西市,621100
101160202,通渭,甘肃省,定西市,621121
101160203,陇西,甘肃省,定西市,621122
101160204,渭源,甘肃省,定西市,621123
101160205,临洮,甘肃省,定西市,621124
101160206,漳县,甘肃省,定西市,621125
101160207,岷县,甘肃省,定西市,621126
101160208,安定,甘肃省,定西市,621102
101160301,平凉,甘肃省,平凉市,620800
101160302,泾川,甘肃省,平凉市,620821
101160303,灵台,甘肃省,平凉市,620822
101160304,崇信,甘肃省,平凉市,620823
101160305,华亭,甘肃省,平凉市,620881
101160306,庄浪,甘肃省,平凉市,620825
101160307,静宁,甘肃省,平凉市,620826
101160308,崆峒,甘肃省,平凉市,620802
101160401,庆阳,甘肃省,庆阳市,621000
101160402,西峰,甘肃省,庆阳市,621002
101160403,环县,甘肃省,庆阳市,621022
101160404,华池,甘肃省,庆阳市,621023
101160405,合水,甘肃省,庆阳市,621024
101160406,正宁,甘肃省,庆阳市,621025
101160407,宁县,甘肃省,庆阳市,621026
101160408,镇原,甘肃省,庆阳市,621027
101160409,庆城,甘肃省,庆阳市,621021
101160501,武威,甘肃省,武威市,620600
101160502,民勤,甘肃省,武威市,620621
101160503,古浪,甘肃省,武威市,620622
101160504,凉州,甘肃省,武威市,620602
101160505,天祝,甘肃省,武威市,620623
101160601,金昌,甘肃省,金昌市,620300
101160602,永昌,甘肃省,金昌市,620321
101160603,金川,甘肃省,金昌市,620302
101160701,张掖,甘肃省,张掖市,620700
101160702,肃南,甘肃省,张掖市,620721
101160703,民乐,甘肃省,张掖市,620722
101160704,临泽,甘肃省,张掖市,620723
101160705,高台,甘肃省,张掖市,620724
101160706,山丹,甘肃省,张掖市,620725
101160707,甘州,甘肃省,张掖市,620702
101160801,酒泉,甘肃省,酒泉市,620900
101160802,肃州,甘肃省,酒泉市,620902
101160803,金塔,甘肃省,酒泉市,620921
101160804,阿克塞,甘肃省,酒泉市,620924
101160805,瓜州,甘肃省,酒泉市,620922
101160806,肃北,甘肃省,酒泉市,620923
101160807,玉门,甘肃省,酒泉市,620981
101160808,敦煌,甘肃省,酒泉市,620982
101160901,天水,甘肃省,天水市,620500
101160902,秦州,甘肃省,天水市,620502
101160903,清水,甘肃省,天水市,620521
101160904,秦安,甘肃省,天水市,620522
101160905,甘谷,甘肃省,天水市,620523
101160906,武山,甘肃省,天水市,620524
101160907,张家川,甘肃省,天水市,620525
101160908,麦积,甘肃省,天水市,620503
101161001,武都,甘肃省,陇南市,621202
101161002,成县,甘肃省,陇南市,621221
101161003,文县,甘肃省,陇南市,621222
101161004,宕昌,甘肃省,陇南市,621223
101161005,康县,甘肃省,陇南市,621224
101161006,西和,甘肃省,陇南市,621225
101161007,礼县,甘肃省,陇南市,621226
101161008,徽县,甘肃省,陇南市,621227
101161009,两当,甘肃省,陇南市,621228
101161010,陇南,甘肃省,陇南市,621200
101161101,临夏,甘肃省,临夏回族自治州,622900
101161102,康乐,甘肃省,临夏回族自治州,622922
101161103,永靖,甘肃省,临夏回族自治州,622923
101161104,广河,甘肃省,临夏回族自治州,622924
101161105,和政,甘肃省,临夏回族自治州,622925
101161106,东乡,甘肃省,临夏回族自治州,622926
101161107,积石山,甘肃省,临夏回族自治州,622927
101161108,临夏市,甘肃省,临夏回族自治州,622901
101161109,临夏县,甘肃省,临夏回族自治州,622921
101161201,合作,甘肃省,甘南藏族自治州,623001
101161202,临潭,甘肃省,甘南藏族自治州,623021
101161203,卓尼,甘肃省,甘南藏族自治州,623022
101161204,舟曲,甘肃省,甘南藏族自治州,623023
101161205,迭部,甘肃省,甘南藏族自治州,623024
101161206,玛曲,甘肃省,甘南藏族自治州,623025
101161207,碌曲,甘肃省,甘南藏族自治州,623026
101161208,夏河,甘肃省,甘南藏族自治州,623027
101161209,甘南,甘肃省,甘南藏族自治州,623000
101161301,白银,甘肃省,白银市,620400
101161302,靖远,甘肃省,白银市,620421
101161303,会宁,甘肃省,白银市,620422
101161304,平川,甘肃省,白银市,620403
101161305,景泰,甘肃省,白银市,620423
101161306,白银区,甘肃省,白银市,620402
101161401,嘉峪关,甘肃省,嘉峪关市,620200
101170101,银川,宁夏回族自治区,银川市,640100
101170102,永宁,宁夏回族自治区,银川市,640121
101170103,灵武,宁夏回族自治区,银川市,640181
101170104,贺兰,宁夏回族自治区,银川市,640122
101170105,兴庆,宁夏回族自治区,银川市,640104
101170106,西夏,宁夏回族自治区,银川市,640105
101170107,金凤,宁夏回族自治区,银川市,640106
101170201,石嘴山,宁夏回族自治区,石嘴山市,640200
101170202,惠农,宁夏回族自治区,石嘴山市,640205
101170203,平罗,宁夏回族自治区,石嘴山市,640221
101170205,大武口,宁夏回族自治区,石嘴山市,640202
101170301,吴忠,宁夏回族自治区,吴忠市,640300
101170302,同心,宁夏回族自治区,吴忠市,640324
101170303,盐池,宁夏回族自治区,吴忠市,640323
101170304,利通,宁夏回族自治区,吴忠市,640302
101170305,红寺堡,宁夏回族自治区,吴忠市,640303
101170306,青铜峡,宁夏回族自治区,吴忠市,640381
101170401,固原,宁夏回族自治区,固原市,640400
101170402,西吉,宁夏回族自治区,固原市,640422
101170403,隆德,宁夏回族自治区,固原市,640423
101170404,泾源,宁夏回族自治区,固原市,640424
101170405,原州,宁夏回族自治区,固原市,640402
101170406,彭阳,宁夏回族自治区,固原市,640425
101170501,中卫,宁夏回族自治区,中卫市,640500
101170502,中宁,宁夏回族自治区,中卫市,640521
101170503,沙坡头,宁夏回族自治区,中卫市,640502
101170504,海原,宁夏回族自治区,中卫市,640522
101180101,郑州,河南省,郑州市,410100
101180102,巩义,河南省,郑州市,410181
101180103,荥阳,河南省,郑州市,410182
101180104,登封,河南省,郑州市,410185
101180105,新密,河南省,郑州市,410183
101180106,新郑,河南省,郑州市,410184
101180107,中牟,河南省,郑州市,410122
101180108,上街,河南省,郑州市,410106
101180109,中原,河南省,郑州市,410102
101180110,二七,河南省,郑州市,410103
101180111,管城,河南省,郑州市,410104
101180112,金水,河南省,郑州市,410105
101180113,惠济,河南省,郑州市,410108
101180201,安阳,河南省,安阳市,410500
101180202,汤阴,河南省,安阳市,410523
101180203,滑县,河南省,安阳市,410526
101180204,内黄,河南省,安阳市,410527
101180205,林州,河南省,安阳市,410581
101180206,文峰,河南省,安阳市,410502
101180207,北关,河南省,安阳市,410503
101180208,殷都,河南省,安阳市,410505
101180209,龙安,河南省,安阳市,410506
101180210,安阳县,河南省,安阳市,410522
101180301,新乡,河南省,新乡市,410700
101180302,获嘉,河南省,新乡市,410724
101180303,原阳,河南省,新乡市,410725
101180304,辉县,河南省,新乡市,410782
101180305,卫辉,河南省,新乡市,410781
101180306,延津,河南省,新乡市,410726
101180307,封丘,河南省,新乡市,410727
101180308,长垣,河南省,新乡市,410783
101180309,红旗,河南省,新乡市,410702
101180310,卫滨,河南省,新乡市,410703
101180311,凤泉,河南省,新乡市,410704
101180312,牧野,河南省,新乡市,410711
101180313,新乡县,河南省,新乡市,410721
101180401,许昌,河南省,许昌市,411000
101180402,鄢陵,河南省,许昌市,411024
101180403,襄城,河南省,许昌市,411025
101180404,长葛,河南省,许昌市,411082
101180405,禹州,河南省,许昌市,411081
101180406,魏都,河南省,许昌市,411002
101180407,建安,河南省,许昌市,411003
101180501,平顶山,河南省,平顶山市,410400
101180502,郏县,河南省,平顶山市,410425
101180503,宝丰,河南省,平顶山市,410421
101180504,汝州,河南省,平顶山市,410482
101180505,叶县,河南省,平顶山市,410422
101180506,舞钢,河南省,平顶山市,410481
101180507,鲁山,河南省,平顶山市,410423
101180508,石龙,河南省,平顶山市,410404
101180509,新华,河南省,平顶山市,410402
101180510,卫东,河南省,平顶山市,410403
101180511,湛河,河南省,平顶山市,410411
101180601,信阳,河南省,信阳市,411500
101180602,息县,河南省,信阳市,411528
101180603,罗山,河南省,信阳市,411521
101180604,光山,河南省,信阳市,411522
101180605,新县,河南省,信阳市,411523
101180606,淮滨,河南省,信阳市,411527
101180607,潢川,河南省,信阳市,411526
101180608,固始,河南省,信阳市,411525
101180609,商城,河南省,信阳市,411524
101180610,浉河,河南省,信阳市,411502
101180611,平桥,河南省,信阳市,411503
101180701,南阳,河南省,南阳市,411300
101180702,南召,河南省,南阳市,411321
101180703,方城,河南省,南阳市,411322
101180704,社旗,河南省,南阳市,411327
101180705,西峡,河南省,南阳市,411323
101180706,内乡,河南省,南阳市,411325
101180707,镇平,河南省,南阳市,411324
101180708,淅川,河南省,南阳市,411326
101180709,新野,河南省,南阳市,411329
101180710,唐河,河南省,南阳市,411328
101180711,邓州,河南省,南阳市,411381
101180712,桐柏,河南省,南阳市,411330
101180713,宛城,河南省,南阳市,411302
101180714,卧龙,河南省,南阳市,411303
101180801,开封,河南省,开封市,410200
101180802,杞县,河南省,开封市,410221
101180803,尉氏,河南省,开封市,410223
101180804,通许,河南省,开封市,410222
101180805,兰考,河南省,开封市,410225
101180806,龙亭,河南省,开封市,410202
101180807,顺河,河南省,开封市,410203
101180808,鼓楼,河南省,开封市,410204
101180809,禹王台,河南省,开封市,410205
101180810,祥符,河南省,开封市,410212
101180901,洛阳,河南省,洛阳市,410300
101180902,新安,河南省,洛阳市,410323
101180904,宜阳,河南省,洛阳市,410327
101180905,洛宁,河南省,洛阳市,410328
101180906,伊川,河南省,洛阳市,410329
101180907,嵩县,河南省,洛阳市,410325
101180908,偃师,河南省,洛阳市,410307
101180909,栾川,河南省,洛阳市,410324
101180910,汝阳,河南省,洛阳市,410326
101180911,孟津,河南省,洛阳市,410308
101180912,老城,河南省,洛阳市,410302
101180913,西工,河南省,洛阳市,410303
101180914,瀍河,河南省,洛阳市,410304
101180915,涧西,河南省,洛阳市,410305
101180916,洛龙,河南省,洛阳市,410311
101181001,商丘,河南省,商丘市,411400
101181002,梁园,河南省,商丘市,411402
101181003,睢县,河南省,商丘市,411422
101181004,民权,河南省,商丘市,411421
101181005,虞城,河南省,商丘市,411425
101181006,柘城,河南省,商丘市,411424
101181007,宁陵,河南省,商丘市,411423
101181008,夏邑,河南省,商丘市,411426
101181009,永城,河南省,商丘市,411481
101181010,睢阳,河南省,商丘市,411403
101181101,焦作,河南省,焦作市,410800
101181102,修武,河南省,焦作市,410821
101181103,武陟,河南省,焦作市,410823
101181104,沁阳,河南省,焦作市,410882
101181105,解放,河南省,焦作市,410802
101181106,博爱,河南省,焦作市,410822
101181107,温县,河南省,焦作市,410825
101181108,孟州,河南省,焦作市,410883
101181109,中站,河南省,焦作市,410803
101181110,马村,河南省,焦作市,410804
101181111,山阳,河南省,焦作市,410811
101181201,鹤壁,河南省,鹤壁市,410600
101181202,浚县,河南省,鹤壁市,410621
101181203,淇县,河南省,鹤壁市,410622
101181204,鹤山,河南省,鹤壁市,410602
101181205,山城,河南省,鹤壁市,410603
101181206,淇滨,河南省,鹤壁市,410611
101181301,濮阳,河南省,濮阳市,410900
101181302,台前,河南省,濮阳市,410927
101181303,南乐,河南省,濮阳市,410923
101181304,清丰,河南省,濮阳市,410922
101181305,范县,河南省,濮阳市,410926
101181306,华龙,河南省,濮阳市,410902
101181307,濮阳县,河南省,濮阳市,410928
101181401,周口,河南省,周口市,411600
101181402,扶沟,河南省,周口市,411621
101181403,太康,河南省,周口市,411627
101181404,淮阳,河南省,周口市,411603
101181405,西华,河南省,周口市,411622
101181406,商水,河南省,周口市,411623
101181407,项城,河南省,周口市,411681
101181408,郸城,河南省,周口市,411625
101181409,鹿邑,河南省,周口市,411628
101181410,沈丘,河南省,周口市,411624
101181411,川汇,河南省,周口市,411602
101181501,漯河,河南省,漯河市,411100
101181502,临颍,河南省,漯河市,411122
101181503,舞阳,河南省,漯河市,411121
101181504,源汇,河南省,漯河市,411102
101181505,郾城,河南省,漯河市,411103
101181506,召陵,河南省,漯河市,411104
101181601,驻马店,河南省,驻马店市,411700
101181602,西平,河南省,驻马店市,411721
101181603,遂平,河南省,驻马店市,411728
101181604,上蔡,河南省,驻马店市,411722
101181605,汝南,河南省,驻马店市,411727
101181606,泌阳,河南省,驻马店市,411726
101181607,平舆,河南省,驻马店市,411723
101181608,新蔡,河南省,驻马店市,411729
101181609,确山,河南省,驻马店市,411725
101181610,正阳,河南省,驻马店市,411724
101181611,驿城,河南省,驻马店市,411702
101181701,三门峡,河南省,三门峡市,411200
101181702,灵宝,河南省,三门峡市,411282
101181703,渑池,河南省,三门峡市,411221
101181704,卢氏,河南省,三门峡市,411224
101181705,义马,河南省,三门峡市,411281
101181707,湖滨,河南省,三门峡市,411202
101181708,陕州,河南省,三门峡市,411203
101181801,济源,河南省,济源市,419001
101190101,南京,江苏省,南京市,320100
101190102,溧水,江苏省,南京市,320117
101190103,高淳,江苏省,南京市,320118
101190104,江宁,江苏省,南京市,320115
101190105,六合,江苏省,南京市,320116
101190107,浦口,江苏省,南京市,320111
101190108,玄武,江苏省,南京市,320102
101190109,秦淮,江苏省,南京市,320104
101190110,建邺,江苏省,南京市,320105
101190111,鼓楼,江苏省,南京市,320106
101190112,栖霞,江苏省,南京市,320113
101190113,雨花台,江苏省,南京市,320114
101190201,无锡,江苏省,无锡市,320200
101190202,江阴,江苏省,无锡市,320281
101190203,宜兴,江苏省,无锡市,320282
101190204,锡山,江苏省,无锡市,320205
101190205,惠山,江苏省,无锡市,320206
101190206,滨湖,江苏省,无锡市,320211
101190207,梁溪,江苏省,无锡市,320213
101190208,新吴,江苏省,无锡市,320214
101190301,镇江,江苏省,镇江市,321100
101190302,丹阳,江苏省,镇江市,321181
101190303,扬中,江苏省,镇江市,321182
101190304,句容,江苏省,镇江市,321183
101190305,丹徒,江苏省,镇江市,321112
101190306,京口,江苏省,镇江市,321102
101190307,润州,江苏省,镇江市,321111
101190401,苏州,江苏省,苏州市,320500
101190402,常熟,江苏省,苏州市,320581
101190403,张家港,江苏省,苏州市,320582
101190404,昆山,江苏省,苏州市,320583
101190405,吴中,江苏省,苏州市,320506
101190406,虎丘,江苏省,苏州市,320505
101190407,吴江,江苏省,苏州市,320509
101190408,太仓,江苏省,苏州市,320585
101190409,相城,江苏省,苏州市,320507
101190410,姑苏,江苏省,苏州市,320508
101190501,南通,江苏省,南通市,320600
101190502,海安,江苏省,南通市,320685
101190503,如皋,江苏省,南通市,320682
101190504,如东,江苏省,南通市,320623
101190505,崇川,江苏省,南通市,320613
101190507,启东,江苏省,南通市,320681
101190508,海门,江苏省,南通市,320614
101190509,通州,江苏省,南通市,320612
101190601,扬州,江苏省,扬州市,321000
101190602,宝应,江苏省,扬州市,321023
101190603,仪征,江苏省,扬州市,321081
101190604,高邮,江苏省,扬州市,321084
101190605,江都,江苏省,扬州市,321012
101190606,邗江,江苏省,扬州市,321003
101190607,广陵,江苏省,扬州市,321002
101190701,盐城,江苏省,盐城市,320900
101190702,响水,江苏省,盐城市,320921
101190703,滨海,江苏省,盐城市,320922
101190704,阜宁,江苏省,盐城市,320923
101190705,射阳,江苏省,盐城市,320924
101190706,建湖,江苏省,盐城市,320925
101190707,东台,江苏省,盐城市,320981
101190708,大丰,江苏省,盐城市,320904
101190709,盐都,江苏省,盐城市,320903
101190710,亭湖,江苏省,盐城市,320902
101190801,徐州,江苏省,徐州市,320300
101190802,铜山,江苏省,徐州市,320312
101190803,丰县,江苏省,徐州市,320321
101190804,沛县,江苏省,徐州市,320322
101190805,邳州,江苏省,徐州市,320382
101190806,睢宁,江苏省,徐州市,320324
101190807,新沂,江苏省,徐州市,320381
101190808,鼓楼,江苏省,徐州市,320302
101190809,云龙,江苏省,徐州市,320303
101190810,贾汪,江苏省,徐州市,320305
101190811,泉山,江苏省,徐州市,320311
101190901,淮安,江苏省,淮安市,320800
101190902,金湖,江苏省,淮安市,320831
101190903,盱眙,江苏省,淮安市,320830
101190904,洪泽,江苏省,淮安市,320813
101190905,涟水,江苏省,淮安市,320826
101190906,淮阴区,江苏省,淮安市,320804
101190907,清江浦,江苏省,淮安市,320812
101190908,淮安区,江苏省,淮安市,320803
101191001,连云港,江苏省,连云港市,320700
101191002,东海,江苏省,连云港市,320722
101191003,赣榆,江苏省,连云港市,320707
101191004,灌云,江苏省,连云港市,320723
101191005,灌南,江苏省,连云港市,320724
101191006,海州,江苏省,连云港市,320706
101191007,连云,江苏省,连云港市,320703
101191101,常州,江苏省,常州市,320400
101191102,溧阳,江苏省,常州市,320481
101191103,金坛,江苏省,常州市,320413
101191104,武进,江苏省,常州市,320412
101191105,天宁,江苏省,常州市,320402
101191106,钟楼,江苏省,常州市,320404
101191107,新北,江苏省,常州市,320411
101191201,泰州,江苏省,泰州市,321200
101191202,兴化,江苏省,泰州市,321281
101191203,泰兴,江苏省,泰州市,321283
101191204,姜堰,江苏省,泰州市,321204
101191205,靖江,江苏省,泰州市,321282
101191206,海陵,江苏省,泰州市,321202
101191207,高港,江苏省,泰州市,321203
101191301,宿迁,江苏省,宿迁市,321300
101191302,沭阳,江苏省,宿迁市,321322
101191303,泗阳,江苏省,宿迁市,321323
101191304,泗洪,江苏省,宿迁市,321324
101191305,宿豫,江苏省,宿迁市,321311
101191306,宿城,江苏省,宿迁市,321302
101200101,武汉,湖北省,武汉市,420100
101200102,蔡甸,湖北省,武汉市,420114
101200103,黄陂,湖北省,武汉市,420116
101200104,新洲,湖北省,武汉市,420117
101200105,江夏,湖北省,武汉市,420115
101200106,东西湖,湖北省,武汉市,420112
101200107,江岸,湖北省,武汉市,420102
101200108,江汉,湖北省,武汉市,420103
101200109,硚口,湖北省,武汉市,420104
101200110,汉阳,湖北省,武汉市,420105
101200111,武昌,湖北省,武汉市,420106
101200112,青山,湖北省,武汉市,420107
101200113,洪山,湖北省,武汉市,420111
101200114,汉南,湖北省,武汉市,420113
101200201,襄阳,湖北省,襄阳市,420600
101200202,襄州,湖北省,襄阳市,420607
101200203,保康,湖北省,襄阳市,420626
101200204,南漳,湖北省,襄阳市,420624
101200205,宜城,湖北省,襄阳市,420684
101200206,老河口,湖北省,襄阳市,420682
101200207,谷城,湖北省,襄阳市,420625
101200208,枣阳,湖北省,襄阳市,420683
101200209,襄城,湖北省,襄阳市,420602
101200210,樊城,湖北省,襄阳市,420606
101200301,鄂州,湖北省,鄂州市,420700
101200302,梁子湖,湖北省,鄂州市,420702
101200303,华容,湖北省,鄂州市,420703
101200304,鄂城,湖北省,鄂州市,420704
101200401,孝感,湖北省,孝感市,420900
101200402,安陆,湖北省,孝感市,420982
101200403,云梦,湖北省,孝感市,420923
101200404,大悟,湖北省,孝感市,420922
101200405,应城,湖北省,孝感市,420981
101200406,汉川,湖北省,孝感市,420984
101200407,孝昌,湖北省,孝感市,420921
101200408,孝南,湖北省,孝感市,420902
101200501,黄冈,湖北省,黄冈市,421100
101200502,红安,湖北省,黄冈市,421122
101200503,麻城,湖北省,黄冈市,421181
101200504,罗田,湖北省,黄冈市,421123
101200505,英山,湖北省,黄冈市,421124
101200506,浠水,湖北省,黄冈市,421125
101200507,蕲春,湖北省,黄冈市,421126
101200508,黄梅,湖北省,黄冈市,421127
101200509,武穴,湖北省,黄冈市,421182
101200510,团风,湖北省,黄冈市,421121
101200511,黄州,湖北省,黄冈市,421102
101200601,黄石,湖北省,黄石市,420200
101200602,大冶,湖北省,黄石市,420281
101200603,阳新,湖北省,黄石市,420222
101200604,铁山,湖北省,黄石市,420205
101200605,下陆,湖北省,黄石市,420204
101200606,西塞山,湖北省,黄石市,420203
101200607,黄石港,湖北省,黄石市,420202
101200701,咸宁,湖北省,咸宁市,421200
101200702,赤壁,湖北省,咸宁市,421281
101200703,嘉鱼,湖北省,咸宁市,421221
101200704,崇阳,湖北省,咸宁市,421223
101200705,通城,湖北省,咸宁市,421222
101200706,通山,湖北省,咸宁市,421224
101200707,咸安,湖北省,咸宁市,421202
101200801,荆州,湖北省,荆州市,421000
101200802,江陵,湖北省,荆州市,421024
101200803,公安,湖北省,荆州市,421022
101200804,石首,湖北省,荆州市,421081
101200805,监利,湖北省,荆州市,421088
101200806,洪湖,湖北省,荆州市,421083
101200807,松滋,湖北省,荆州市,421087
101200808,沙市,湖北省,荆州市,421002
101200809,荆州区,湖北省,荆州市,421003
101200901,宜昌,湖北省,宜昌市,420500
101200902,远安,湖北省,宜昌市,420525
101200903,秭归,湖北省,宜昌市,420527
101200904,兴山,湖北省,宜昌市,420526
101200905,西陵,湖北省,宜昌市,420502
101200906,五峰,湖北省,宜昌市,420529
101200907,当阳,湖北省,宜昌市,420582
101200908,长阳,湖北省,宜昌市,420528
101200909,宜都,湖北省,宜昌市,420581
101200910,枝江,湖北省,宜昌市,420583
101200912,夷陵,湖北省,宜昌市,420506
101200913,伍家岗,湖北省,宜昌市,420503
101200914,点军,湖北省,宜昌市,420504
101200915,猇亭,湖北省,宜昌市,420505
101201001,恩施,湖北省,恩施土家族苗族自治州,422800
101201002,利川,湖北省,恩施土家族苗族自治州,422802
101201003,建始,湖北省,恩施土家族苗族自治州,422822
101201004,咸丰,湖北省,恩施土家族苗族自治州,422826
101201005,宣恩,湖北省,恩施土家族苗族自治州,422825
101201006,鹤峰,湖北省,恩施土家族苗族自治州,422828
101201007,来凤,湖北省,恩施土家族苗族自治州,422827
101201008,巴东,湖北省,恩施土家族苗族自治州,422823
101201009,恩施,湖北省,恩施土家族苗族自治州,422801
101201101,十堰,湖北省,十堰市,420300
101201102,竹溪,湖北省,十堰市,420324
101201103,郧西,湖北省,十堰市,420322
101201104,郧阳,湖北省,十堰市,420304
101201105,竹山,湖北省,十堰市,420323
101201106,房县,湖北省,十堰市,420325
101201107,丹江口,湖北省,十堰市,420381
101201108,茅箭,湖北省,十堰市,420302
101201109,张湾,湖北省,十堰市,420303
101201201,神农架,湖北省,神农架林区,429021
101201301,随州,湖北省,随州市,421300
101201302,广水,湖北省,随州市,421381
101201303,曾都,湖北省,随州市,421303
101201304,随县,湖北省,随州市,421321
101201401,荆门,湖北省,荆门市,420800
101201402,钟祥,湖北省,荆门市,420881
101201403,京山,湖北省,荆门市,420882
101201404,掇刀,湖北省,荆门市,420804
101201405,沙洋,湖北省,荆门市,420822
101201406,东宝,湖北省,荆门市,420802
101201501,天门,湖北省,天门市,429006
101201601,仙桃,湖北省,仙桃市,429004
101201701,潜江,湖北省,潜江市,429005
101210101,杭州,浙江省,杭州市,330100
101210102,萧山,浙江省,杭州市,330109
101210103,桐庐,浙江省,杭州市,330122
101210104,淳安,浙江省,杭州市,330127
101210105,建德,浙江省,杭州市,330182
101210106,余杭,浙江省,杭州市,330110
101210107,临安,浙江省,杭州市,330112
101210108,富阳,浙江省,杭州市,330111
101210109,上城,浙江省,杭州市,330102
101210111,钱塘,浙江省,杭州市,330114
101210112,拱墅,浙江省,杭州市,330105
101210113,西湖,浙江省,杭州市,330106
101210114,滨江,浙江省,杭州市,330108
101210115,临平,浙江省,杭州市,330113
101210201,湖州,浙江省,湖州市,330500
101210202,长兴,浙江省,湖州市,330522
101210203,安吉,浙江省,湖州市,330523
101210204,德清,浙江省,湖州市,330521
101210205,吴兴,浙江省,湖州市,330502
101210206,南浔,浙江省,湖州市,330503
101210301,嘉兴,浙江省,嘉兴市,330400
101210302,嘉善,浙江省,嘉兴市,330421
101210303,海宁,浙江省,嘉兴市,330481
101210304,桐乡,浙江省,嘉兴市,330483
101210305,平湖,浙江省,嘉兴市,330482
101210306,海盐,浙江省,嘉兴市,330424
101210307,南湖,浙江省,嘉兴市,330402
101210308,秀洲,浙江省,嘉兴市,330411
101210401,宁波,浙江省,宁波市,330200
101210402,海曙,浙江省,宁波市,330203
101210403,慈溪,浙江省,宁波市,330282
101210404,余姚,浙江省,宁波市,330281
101210405,奉化,浙江省,宁波市,330213
101210406,象山,浙江省,宁波市,330225
101210408,宁海,浙江省,宁波市,330226
101210409,江北,浙江省,宁波市,330205
101210410,北仑,浙江省,宁波市,330206
101210411,鄞州,浙江省,宁波市,330212
101210412,镇海,浙江省,宁波市,330211
101210501,越城,浙江省,绍兴市,330602
101210502,诸暨,浙江省,绍兴市,330681
101210503,上虞,浙江省,绍兴市,330604
101210504,新昌,浙江省,绍兴市,330624
101210505,嵊州,浙江省,绍兴市,330683
101210506,柯桥,浙江省,绍兴市,330603
101210507,绍兴,浙江省,绍兴市,330600
101210601,台州,浙江省,台州市,331000
101210603,玉环,浙江省,台州市,331083
101210604,三门,浙江省,台州市,331022
101210605,天台,浙江省,台州市,331023
101210606,仙居,浙江省,台州市,331024
101210607,温岭,浙江省,台州市,331081
101210610,临海,浙江省,台州市,331082
101210611,椒江,浙江省,台州市,331002
101210612,黄岩,浙江省,台州市,331003
101210613,路桥,浙江省,台州市,331004
101210701,温州,浙江省,温州市,330300
101210702,泰顺,浙江省,温州市,330329
101210703,文成,浙江省,温州市,330328
101210704,平阳,浙江省,温州市,330326
101210705,瑞安,浙江省,温州市,330381
101210706,洞头,浙江省,温州市,330305
101210707,乐清,浙江省,温州市,330382
101210708,永嘉,浙江省,温州市,330324
101210709,苍南,浙江省,温州市,330327
101210710,鹿城,浙江省,温州市,330302
101210711,龙湾,浙江省,温州市,330303
101210712,瓯海,浙江省,温州市,330304
101210713,龙港,浙江省,温州市,330383
101210801,丽水,浙江省,丽水市,331100
101210802,遂昌,浙江省,丽水市,331123
101210803,龙泉,浙江省,丽水市,331181
101210804,缙云,浙江省,丽水市,331122
101210805,青田,浙江省,丽水市,331121
101210806,云和,浙江省,丽水市,331125
101210807,庆元,浙江省,丽水市,331126
101210808,松阳,浙江省,丽水市,331124
101210809,景宁,浙江省,丽水市,331127
101210810,莲都,浙江省,丽水市,331102
101210901,金华,浙江省,金华市,330700
101210902,浦江,浙江省,金华市,330726
101210903,兰溪,浙江省,金华市,330781
101210904,义乌,浙江省,金华市,330782
101210905,东阳,浙江省,金华市,330783
101210906,武义,浙江省,金华市,330723
101210907,永康,浙江省,金华市,330784
101210908,磐安,浙江省,金华市,330727
101210909,婺城,浙江省,金华市,330702
101210910,金东,浙江省,金华市,330703
101211001,衢州,浙江省,衢州市,330800
101211002,常山,浙江省,衢州市,330822
101211003,开化,浙江省,衢州市,330824
101211004,龙游,浙江省,衢州市,330825
101211005,江山,浙江省,衢州市,330881
101211006,衢江,浙江省,衢州市,330803
101211007,柯城,浙江省,衢州市,330802
101211101,舟山,浙江省,舟山市,330900
101211102,嵊泗,浙江省,舟山市,330922
101211104,岱山,浙江省,舟山市,330921
101211105,普陀,浙江省,舟山市,330903
101211106,定海,浙江省,舟山市,330902
101220101,合肥,安徽省,合肥市,340100
101220102,长丰,安徽省,合肥市,340121
101220103,肥东,安徽省,合肥市,340122
101220104,肥西,安徽省,合肥市,340123
101220105,巢湖,安徽省,合肥市,340181
101220106,庐江,安徽省,合肥市,340124
101220107,瑶海,安徽省,合肥市,340102
101220108,庐阳,安徽省,合肥市,340103
101220109,蜀山,安徽省,合肥市,340104
101220110,包河,安徽省,合肥市,340111
101220201,蚌埠,安徽省,蚌埠市,340300
101220202,怀远,安徽省,蚌埠市,340321
101220203,固镇,安徽省,蚌埠市,340323
101220204,五河,安徽省,蚌埠市,340322
101220205,龙子湖,安徽省,蚌埠市,340302
101220206,蚌山,安徽省,蚌埠市,340303
101220207,禹会,安徽省,蚌埠市,340304
101220208,淮上,安徽省,蚌埠市,340311
101220301,芜湖,安徽省,芜湖市,340200
101220302,繁昌,安徽省,芜湖市,340212
101220303,湾沚,安徽省,芜湖市,340210
101220304,南陵,安徽省,芜湖市,340223
101220305,无为,安徽省,芜湖市,340281
101220306,镜湖,安徽省,芜湖市,340202
101220307,弋江,安徽省,芜湖市,340209
101220308,鸠江,安徽省,芜湖市,340207
101220401,淮南,安徽省,淮南市,340400
101220402,凤台,安徽省,淮南市,340421
101220403,潘集,安徽省,淮南市,340406
101220404,大通,安徽省,淮南市,340402
101220405,田家庵,安徽省,淮南市,340403
101220406,谢家集,安徽省,淮南市,340404
101220407,八公山,安徽省,淮南市,340405
101220408,寿县,安徽省,淮南市,340422
101220501,马鞍山,安徽省,马鞍山市,340500
101220502,当涂,安徽省,马鞍山市,340521
101220503,含山,安徽省,马鞍山市,340522
101220504,和县,安徽省,马鞍山市,340523
101220505,花山,安徽省,马鞍山市,340503
101220506,雨山,安徽省,马鞍山市,340504
101220507,博望,安徽省,马鞍山市,340506
101220601,安庆,安徽省,安庆市,340800
101220603,太湖,安徽省,安庆市,340825
101220604,潜山,安徽省,安庆市,340882
101220605,怀宁,安徽省,安庆市,340822
101220606,宿松,安徽省,安庆市,340826
101220607,望江,安徽省,安庆市,340827
101220608,岳西,安徽省,安庆市,340828
101220609,桐城,安徽省,安庆市,340881
101220610,迎江,安徽省,安庆市,340802
101220611,大观,安徽省,安庆市,340803
101220612,宜秀,安徽省,安庆市,340811
101220701,宿州,安徽省,宿州市,341300
101220702,砀山,安徽省,宿州市,341321
101220703,灵璧,安徽省,宿州市,341323
101220704,泗县,安徽省,宿州市,341324
101220705,萧县,安徽省,宿州市,341322
101220706,埇桥,安徽省,宿州市,341302
101220801,阜阳,安徽省,阜阳市,341200
101220802,阜南,安徽省,阜阳市,341225
101220803,颍上,安徽省,阜阳市,341226
101220804,临泉,安徽省,阜阳市,341221
101220805,界首,安徽省,阜阳市,341282
101220806,太和,安徽省,阜阳市,341222
101220807,颍州,安徽省,阜阳市,341202
101220808,颍东,安徽省,阜阳市,341203
101220809,颍泉,安徽省,阜阳市,341204
101220901,亳州,安徽省,亳州市,341600
101220902,涡阳,安徽省,亳州市,341621
101220903,利辛,安徽省,亳州市,341623
101220904,蒙城,安徽省,亳州市,341622
101220905,谯城,安徽省,亳州市,341602
101221001,黄山,安徽省,黄山市,341000
101221002,黄山区,安徽省,黄山市,341003
101221003,屯溪,安徽省,黄山市,341002
101221004,祁门,安徽省,黄山市,341024
101221005,黟县,安徽省,黄山市,341023
101221006,歙县,安徽省,黄山市,341021
101221007,休宁,安徽省,黄山市,341022
101221009,徽州,安徽省,黄山市,341004
101221101,滁州,安徽省,滁州市,341100
101221102,凤阳,安徽省,滁州市,341126
101221103,明光,安徽省,滁州市,341182
101221104,定远,安徽省,滁州市,341125
101221105,全椒,安徽省,滁州市,341124
101221106,来安,安徽省,滁州市,341122
101221107,天长,安徽省,滁州市,341181
101221108,琅琊,安徽省,滁州市,341102
101221109,南谯,安徽省,滁州市,341103
101221201,淮北,安徽省,淮北市,340600
101221202,濉溪,安徽省,淮北市,340621
101221203,杜集,安徽省,淮北市,340602
101221204,相山,安徽省,淮北市,340603
101221205,烈山,安徽省,淮北市,340604
101221301,铜陵,安徽省,铜陵市,340700
101221302,铜官,安徽省,铜陵市,340705
101221303,义安,安徽省,铜陵市,340706
101221304,郊区,安徽省,铜陵市,340711
101221305,枞阳,安徽省,铜陵市,340722
101221401,宣城,安徽省,宣城市,341800
101221402,泾县,安徽省,宣城市,341823
101221403,旌德,安徽省,宣城市,341825
101221404,宁国,安徽省,宣城市,341881
101221405,绩溪,安徽省,宣城市,341824
101221406,广德,安徽省,宣城市,341882
101221407,郎溪,安徽省,宣城市,341821
101221408,宣州,安徽省,宣城市,341802
101221501,六安,安徽省,六安市,341500
101221502,霍邱,安徽省,六安市,341522
101221504,金安,安徽省,六安市,341502
101221505,金寨,安徽省,六安市,341524
101221506,霍山,安徽省,六安市,341525
101221507,舒城,安徽省,六安市,341523
101221508,裕安,安徽省,六安市,341503
101221509,叶集,安徽省,六安市,341504
101221701,池州,安徽省,池州市,341700
101221702,东至,安徽省,池州市,341721
101221703,青阳,安徽省,池州市,341723
101221705,石台,安徽省,池州市,341722
101221706,贵池,安徽省,池州市,341702
101230101,福州,福建省,福州市,350100
101230102,闽清,福建省,福州市,350124
101230103,闽侯,福建省,福州市,350121
101230104,罗源,福建省,福州市,350123
101230105,连江,福建省,福州市,350122
101230106,鼓楼,福建省,福州市,350102
101230107,永泰,福建省,福州市,350125
101230108,平潭,福建省,福州市,350128
101230109,台江,福建省,福州市,350103
101230110,长乐,福建省,福州市,350112
101230111,福清,福建省,福州市,350181
101230112,仓山,福建省,福州市,350104
101230113,马尾,福建省,福州市,350105
101230114,晋安,福建省,福州市,350111
101230201,厦门,福建省,厦门市,350200
101230202,同安,福建省,厦门市,350212
101230203,思明,福建省,厦门市,350203
101230204,海沧,福建省,厦门市,350205
101230205,湖里,福建省,厦门市,350206
101230206,集美,福建省,厦门市,350211
101230207,翔安,福建省,厦门市,350213
101230301,宁德,福建省,宁德市,350900
101230302,古田,福建省,宁德市,350922
101230303,霞浦,福建省,宁德市,350921
101230304,寿宁,福建省,宁德市,350924
101230305,周宁,福建省,宁德市,350925
101230306,福安,福建省,宁德市,350981
101230307,柘荣,福建省,宁德市,350926
101230308,福鼎,福建省,宁德市,350982
101230309,屏南,福建省,宁德市,350923
101230310,蕉城,福建省,宁德市,350902
101230401,莆田,福建省,莆田市,350300
101230402,仙游,福建省,莆田市,350322
101230404,涵江,福建省,莆田市,350303
101230405,秀屿,福建省,莆田市,350305
101230406,荔城,福建省,莆田市,350304
101230407,城厢,福建省,莆田市,350302
101230501,泉州,福建省,泉州市,350500
101230502,安溪,福建省,泉州市,350524
101230503,金门,福建省,泉州市,350527
101230504,永春,福建省,泉州市,350525
101230505,德化,福建省,泉州市,350526
101230506,南安,福建省,泉州市,350583
101230508,惠安,福建省,泉州市,350521
101230509,晋江,福建省,泉州市,350582
101230510,石狮,福建省,泉州市,350581
101230511,鲤城,福建省,泉州市,350502
101230512,丰泽,福建省,泉州市,350503
101230513,洛江,福建省,泉州市,350504
101230514,泉港,福建省,泉州市,350505
101230601,漳州,福建省,漳州市,350600
101230602,长泰,福建省,漳州市,350605
101230603,南靖,福建省,漳州市,350627
101230604,平和,福建省,漳州市,350628
101230605,龙海,福建省,漳州市,350604
101230606,漳浦,福建省,漳州市,350623
101230607,诏安,福建省,漳州市,350624
101230608,东山,福建省,漳州市,350626
101230609,云霄,福建省,漳州市,350622
101230610,华安,福建省,漳州市,350629
101230611,芗城,福建省,漳州市,350602
101230612,龙文,福建省,漳州市,350603
101230701,龙岩,福建省,龙岩市,350800
101230702,长汀,福建省,龙岩市,350821
101230703,连城,福建省,龙岩市,350825
101230704,武平,福建省,龙岩市,350824
101230705,上杭,福建省,龙岩市,350823
101230706,永定,福建省,龙岩市,350803
101230707,漳平,福建省,龙岩市,350881
101230708,新罗,福建省,龙岩市,350802
101230801,三明,福建省,三明市,350400
101230802,宁化,福建省,三明市,350424
101230803,清流,福建省,三明市,350423
101230804,泰宁,福建省,三明市,350429
101230805,将乐,福建省,三明市,350428
101230806,建宁,福建省,三明市,350430
101230807,明溪,福建省,三明市,350421
101230808,沙县,福建省,三明市,350405
101230809,尤溪,福建省,三明市,350426
101230810,永安,福建省,三明市,350481
101230811,大田,福建省,三明市,350425
101230812,梅列,福建省,三明市,350402
101230813,三元,福建省,三明市,350404
101230901,南平,福建省,南平市,350700
101230902,顺昌,福建省,南平市,350721
101230903,光泽,福建省,南平市,350723
101230904,邵武,福建省,南平市,350781
101230905,武夷山,福建省,南平市,350782
101230906,浦城,福建省,南平市,350722
101230907,建阳,福建省,南平市,350703
101230908,松溪,福建省,南平市,350724
101230909,政和,福建省,南平市,350725
101230910,建瓯,福建省,南平市,350783
101230911,延平,福建省,南平市,350702
101231001,钓鱼岛,福建省,钓鱼岛,
101240101,南昌,江西省,南昌市,360100
101240102,新建,江西省,南昌市,360112
101240103,南昌县,江西省,南昌市,360121
101240104,安义,江西省,南昌市,360123
101240105,进贤,江西省,南昌市,360124
101240106,东湖,江西省,南昌市,360102
101240107,西湖,江西省,南昌市,360103
101240108,青云谱,江西省,南昌市,360104
101240109,红谷滩,江西省,南昌市,360113
101240110,青山湖,江西省,南昌市,360111
101240201,九江,江西省,九江市,360400
101240202,瑞昌,江西省,九江市,360481
101240203,庐山,江西省,九江市,360483
101240204,武宁,江西省,九江市,360423
101240205,德安,江西省,九江市,360426
101240206,永修,江西省,九江市,360425
101240207,湖口,江西省,九江市,360429
101240208,彭泽,江西省,九江市,360430
101240210,都昌,江西省,九江市,360428
101240211,浔阳,江西省,九江市,360403
101240212,修水,江西省,九江市,360424
101240213,共青城,江西省,九江市,360482
101240214,濂溪,江西省,九江市,360402
101240215,柴桑,江西省,九江市,360404
101240301,上饶,江西省,上饶市,361100
101240302,鄱阳,江西省,上饶市,361128
101240303,婺源,江西省,上饶市,361130
101240304,信州,江西省,上饶市,361102
101240305,余干,江西省,上饶市,361127
101240306,万年,江西省,上饶市,361129
101240307,德兴,江西省,上饶市,361181
101240308,广信,江西省,上饶市,361104
101240309,弋阳,江西省,上饶市,361126
101240310,横峰,江西省,上饶市,361125
101240311,铅山,江西省,上饶市,361124
101240312,玉山,江西省,上饶市,361123
101240313,广丰,江西省,上饶市,361103
101240401,抚州,江西省,抚州市,361000
101240402,广昌,江西省,抚州市,361030
101240403,乐安,江西省,抚州市,361025
101240404,崇仁,江西省,抚州市,361024
101240405,金溪,江西省,抚州市,361027
101240406,资溪,江西省,抚州市,361028
101240407,宜黄,江西省,抚州市,361026
101240408,南城,江西省,抚州市,361021
101240409,南丰,江西省,抚州市,361023
101240410,黎川,江西省,抚州市,361022
101240411,东乡,江西省,抚州市,361003
101240412,临川,江西省,抚州市,361002
101240501,宜春,江西省,宜春市,360900
101240502,铜鼓,江西省,宜春市,360926
101240503,宜丰,江西省,宜春市,360924
101240504,万载,江西省,宜春市,360922
101240505,上高,江西省,宜春市,360923
101240506,靖安,江西省,宜春市,360925
101240507,奉新,江西省,宜春市,360921
101240508,高安,江西省,宜春市,360983
101240509,樟树,江西省,宜春市,360982
101240510,丰城,江西省,宜春市,360981
101240511,袁州,江西省,宜春市,360902
101240601,吉安,江西省,吉安市,360800
101240602,吉安县,江西省,吉安市,360821
101240603,吉水,江西省,吉安市,360822
101240604,新干,江西省,吉安市,360824
101240605,峡江,江西省,吉安市,360823
101240606,永丰,江西省,吉安市,360825
101240607,永新,江西省,吉安市,360830
101240608,井冈山,江西省,吉安市,360881
101240609,万安,江西省,吉安市,360828
101240610,遂川,江西省,吉安市,360827
101240611,泰和,江西省,吉安市,360826
101240612,安福,江西省,吉安市,360829
101240614,吉州,江西省,吉安市,360802
101240615,青原,江西省,吉安市,360803
101240701,赣州,江西省,赣州市,360700
101240702,崇义,江西省,赣州市,360725
101240703,上犹,江西省,赣州市,360724
101240704,南康,江西省,赣州市,360703
101240705,大余,江西省,赣州市,360723
101240706,信丰,江西省,赣州市,360722
101240707,宁都,江西省,赣州市,360730
101240708,石城,江西省,赣州市,360735
101240709,瑞金,江西省,赣州市,360781
101240710,于都,江西省,赣州市,360731
101240711,会昌,江西省,赣州市,360733
101240712,安远,江西省,赣州市,360726
101240713,全南,江西省,赣州市,360729
101240714,龙南,江西省,赣州市,360783
101240715,定南,江西省,赣州市,360728
101240716,寻乌,江西省,赣州市,360734
101240717,兴国,江西省,赣州市,360732
101240718,赣县,江西省,赣州市,360704
101240719,章贡,江西省,赣州市,360702
101240801,景德镇,江西省,景德镇市,360200
101240802,乐平,江西省,景德镇市,360281
101240803,浮梁,江西省,景德镇市,360222
101240804,昌江,江西省,景德镇市,360202
101240805,珠山,江西省,景德镇市,360203
101240901,萍乡,江西省,萍乡市,360300
101240902,莲花,江西省,萍乡市,360321
101240903,上栗,江西省,萍乡市,360322
101240904,安源,江西省,萍乡市,360302
101240905,芦溪,江西省,萍乡市,360323
101240906,湘东,江西省,萍乡市,360313
101241001,新余,江西省,新余市,360500
101241002,分宜,江西省,新余市,360521
101241003,渝水,江西省,新余市,360502
101241101,鹰潭,江西省,鹰潭市,360600
101241102,余江,江西省,鹰潭市,360603
101241103,贵溪,江西省,鹰潭市,360681
101241104,月湖,江西省,鹰潭市,360602
101250101,长沙,湖南省,长沙市,430100
101250102,宁乡,湖南省,长沙市,430182
101250103,浏阳,湖南省,长沙市,430181
101250105,望城,湖南省,长沙市,430112
101250106,长沙县,湖南省,长沙市,430121
101250107,芙蓉,湖南省,长沙市,430102
101250108,天心,湖南省,长沙市,430103
101250109,岳麓,湖南省,长沙市,430104
101250110,开福,湖南省,长沙市,430105
101250111,雨花,湖南省,长沙市,430111
101250201,湘潭,湖南省,湘潭市,430300
101250202,韶山,湖南省,湘潭市,430382
101250203,湘乡,湖南省,湘潭市,430381
101250204,雨湖,湖南省,湘潭市,430302
101250205,岳塘,湖南省,湘潭市,430304
101250206,湘潭县,湖南省,湘潭市,430321
101250301,株洲,湖南省,株洲市,430200
101250302,攸县,湖南省,株洲市,430223
101250303,醴陵,湖南省,株洲市,430281
101250304,荷塘,湖南省,株洲市,430202
101250305,茶陵,湖南省,株洲市,430224
101250306,炎陵,湖南省,株洲市,430225
101250307,芦淞,湖南省,株洲市,430203
101250308,石峰,湖南省,株洲市,430204
101250309,天元,湖南省,株洲市,430211
101250310,渌口,湖南省,株洲市,430212
101250401,衡阳,湖南省,衡阳市,430400
101250402,衡山,湖南省,衡阳市,430423
101250403,衡东,湖南省,衡阳市,430424
101250404,祁东,湖南省,衡阳市,430426
101250405,衡阳县,湖南省,衡阳市,430421
101250406,常宁,湖南省,衡阳市,430482
101250407,衡南,湖南省,衡阳市,430422
101250408,耒阳,湖南省,衡阳市,430481
101250409,南岳,湖南省,衡阳市,430412
101250410,珠晖,湖南省,衡阳市,430405
101250411,雁峰,湖南省,衡阳市,430406
101250412,石鼓,湖南省,衡阳市,430407
101250413,蒸湘,湖南省,衡阳市,430408
101250501,郴州,湖南省,郴州市,431000
101250502,桂阳,湖南省,郴州市,431021
101250503,嘉禾,湖南省,郴州市,431024
101250504,宜章,湖南省,郴州市,431022
101250505,临武,湖南省,郴州市,431025
101250506,北湖,湖南省,郴州市,431002
101250507,资兴,湖南省,郴州市,431081
101250508,汝城,湖南省,郴州市,431026
101250509,安仁,湖南省,郴州市,431028
101250510,永兴,湖南省,郴州市,431023
101250511,桂东,湖南省,郴州市,431027
101250512,苏仙,湖南省,郴州市,431003
101250601,常德,湖南省,常德市,430700
101250602,安乡,湖南省,常德市,430721
101250603,桃源,湖南省,常德市,430725
101250604,汉寿,湖南省,常德市,430722
101250605,澧县,湖南省,常德市,430723
101250606,临澧,湖南省,常德市,430724
101250607,石门,湖南省,常德市,430726
101250608,津市,湖南省,常德市,430781
101250609,武陵,湖南省,常德市,430702
101250610,鼎城,湖南省,常德市,430703
101250700,益阳,湖南省,益阳市,430900
101250701,赫山区,湖南省,益阳市,430903
101250702,南县,湖南省,益阳市,430921
101250703,桃江,湖南省,益阳市,430922
101250704,安化,湖南省,益阳市,430923
101250705,沅江,湖南省,益阳市,430981
101250706,资阳,湖南省,益阳市,430902
101250801,娄底,湖南省,娄底市,431300
101250802,双峰,湖南省,娄底市,431321
101250803,冷水江,湖南省,娄底市,431381
101250804,娄星,湖南省,娄底市,431302
101250805,新化,湖南省,娄底市,431322
101250806,涟源,湖南省,娄底市,431382
101250901,邵阳,湖南省,邵阳市,430500
101250902,隆回,湖南省,邵阳市,430524
101250903,洞口,湖南省,邵阳市,430525
101250904,新邵,湖南省,邵阳市,430522
101250905,邵东,湖南省,邵阳市,430582
101250906,绥宁,湖南省,邵阳市,430527
101250907,新宁,湖南省,邵阳市,430528
101250908,武冈,湖南省,邵阳市,430581
101250909,城步,湖南省,邵阳市,430529
101250910,邵阳县,湖南省,邵阳市,430523
101250911,双清,湖南省,邵阳市,430502
101250912,大祥,湖南省,邵阳市,430503
101250913,北塔,湖南省,邵阳市,430511
101251001,岳阳,湖南省,岳阳市,430600
101251002,华容,湖南省,岳阳市,430623
101251003,湘阴,湖南省,岳阳市,430624
101251004,汨罗,湖南省,岳阳市,430681
101251005,平江,湖南省,岳阳市,430626
101251006,临湘,湖南省,岳阳市,430682
101251007,岳阳楼区,湖南省,岳阳市,430602
101251008,云溪,湖南省,岳阳市,430603
101251009,君山,湖南省,岳阳市,430611
101251010,岳阳县,湖南省,岳阳市,430621
101251101,张家界,湖南省,张家界市,430800
101251102,桑植,湖南省,张家界市,430822
101251103,慈利,湖南省,张家界市,430821
101251104,武陵源,湖南省,张家界市,430811
101251105,永定,湖南省,张家界市,430802
101251201,怀化,湖南省,怀化市,431200
101251202,鹤城,湖南省,怀化市,431202
101251203,沅陵,湖南省,怀化市,431222
101251204,辰溪,湖南省,怀化市,431223
101251205,靖州,湖南省,怀化市,431229
101251206,会同,湖南省,怀化市,431225
101251207,通道,湖南省,怀化市,431230
101251208,麻阳,湖南省,怀化市,431226
101251209,新晃,湖南省,怀化市,431227
101251210,芷江,湖南省,怀化市,431228
101251211,溆浦,湖南省,怀化市,431224
101251212,中方,湖南省,怀化市,431221
101251213,洪江,湖南省,怀化市,431281
101251401,永州,湖南省,永州市,431100
101251402,祁阳,湖南省,永州市,431121
101251403,东安,湖南省,永州市,431122
101251404,双牌,湖南省,永州市,431123
101251405,道县,湖南省,永州市,431124
101251406,宁远,湖南省,永州市,431126
101251407,江永,湖南省,永州市,431125
101251408,蓝山,湖南省,永州市,431127
101251409,新田,湖南省,永州市,431128
101251410,江华,湖南省,永州市,431129
101251411,冷水滩,湖南省,永州市,431103
101251412,零陵,湖南省,永州市,431102
101251501,吉首,湖南省,湘西土家族苗族自治州,433101
101251502,保靖,湖南省,湘西土家族苗族自治州,433125
101251503,永顺,湖南省,湘西土家族苗族自治州,433127
101251504,古丈,湖南省,湘西土家族苗族自治州,433126
101251505,凤凰,湖南省,湘西土家族苗族自治州,433123
101251506,泸溪,湖南省,湘西土家族苗族自治州,433122
101251507,龙山,湖南省,湘西土家族苗族自治州,433130
101251508,花垣,湖南省,湘西土家族苗族自治州,433124
101251509,湘西,湖南省,湘西土家族苗族自治州,433100
101260101,贵阳,贵州省,贵阳市,520100
101260102,白云,贵州省,贵阳市,520113
101260103,花溪,贵州省,贵阳市,520111
101260104,乌当,贵州省,贵阳市,520112
101260105,息烽,贵州省,贵阳市,520122
101260106,开阳,贵州省,贵阳市,520121
101260107,修文,贵州省,贵阳市,520123
101260108,清镇,贵州省,贵阳市,520181
101260110,云岩,贵州省,贵阳市,520103
101260111,南明,贵州省,贵阳市,520102
101260112,观山湖,贵州省,贵阳市,520115
101260201,遵义,贵州省,遵义市,520300
101260203,仁怀,贵州省,遵义市,520382
101260204,绥阳,贵州省,遵义市,520323
101260205,湄潭,贵州省,遵义市,520328
101260206,凤冈,贵州省,遵义市,520327
101260207,桐梓,贵州省,遵义市,520322
101260208,赤水,贵州省,遵义市,520381
101260209,习水,贵州省,遵义市,520330
101260210,道真,贵州省,遵义市,520325
101260211,正安,贵州省,遵义市,520324
101260212,务川,贵州省,遵义市,520326
101260213,余庆,贵州省,遵义市,520329
101260214,汇川,贵州省,遵义市,520303
101260215,红花岗,贵州省,遵义市,520302
101260216,播州,贵州省,遵义市,520304
101260301,安顺,贵州省,安顺市,520400
101260302,普定,贵州省,安顺市,520422
101260303,镇宁,贵州省,安顺市,520423
101260304,平坝,贵州省,安顺市,520403
101260305,紫云,贵州省,安顺市,520425
101260306,关岭,贵州省,安顺市,520424
101260307,西秀,贵州省,安顺市,520402
101260401,都匀,贵州省,黔南布依族苗族自治州,522701
101260402,贵定,贵州省,黔南布依族苗族自治州,522723
101260403,瓮安,贵州省,黔南布依族苗族自治州,522725
101260404,长顺,贵州省,黔南布依族苗族自治州,522729
101260405,福泉,贵州省,黔南布依族苗族自治州,522702
101260406,惠水,贵州省,黔南布依族苗族自治州,522731
101260407,龙里,贵州省,黔南布依族苗族自治州,522730
101260408,罗甸,贵州省,黔南布依族苗族自治州,522728
101260409,平塘,贵州省,黔南布依族苗族自治州,522727
101260410,独山,贵州省,黔南布依族苗族自治州,522726
101260411,三都,贵州省,黔南布依族苗族自治州,522732
101260412,荔波,贵州省,黔南布依族苗族自治州,522722
101260413,黔南,贵州省,黔南布依族苗族自治州,522700
101260501,凯里,贵州省,黔东南苗族侗族自治州,522601
101260502,岑巩,贵州省,黔东南苗族侗族自治州,522626
101260503,施秉,贵州省,黔东南苗族侗族自治州,522623
101260504,镇远,贵州省,黔东南苗族侗族自治州,522625
101260505,黄平,贵州省,黔东南苗族侗族自治州,522622
101260506,黔东南,贵州省,黔东南苗族侗族自治州,522600
101260507,麻江,贵州省,黔东南苗族侗族自治州,522635
101260508,丹寨,贵州省,黔东南苗族侗族自治州,522636
101260509,三穗,贵州省,黔东南苗族侗族自治州,522624
101260510,台江,贵州省,黔东南苗族侗族自治州,522630
101260511,剑河,贵州省,黔东南苗族侗族自治州,522629
101260512,雷山,贵州省,黔东南苗族侗族自治州,522634
101260513,黎平,贵州省,黔东南苗族侗族自治州,522631
101260514,天柱,贵州省,黔东南苗族侗族自治州,522627
101260515,锦屏,贵州省,黔东南苗族侗族自治州,522628
101260516,榕江,贵州省,黔东南苗族侗族自治州,522632
101260517,从江,贵州省,黔东南苗族侗族自治州,522633
101260601,铜仁,贵州省,铜仁市,520600
101260602,江口,贵州省,铜仁市,520621
101260603,玉屏,贵州省,铜仁市,520622
101260604,万山,贵州省,铜仁市,520603
101260605,思南,贵州省,铜仁市,520624
101260606,碧江,贵州省,铜仁市,520602
101260607,印江,贵州省,铜仁市,520625
101260608,石阡,贵州省,铜仁市,520623
101260609,沿河,贵州省,铜仁市,520627
101260610,德江,贵州省,铜仁市,520626
101260611,松桃,贵州省,铜仁市,520628
101260701,毕节,贵州省,毕节市,520500
101260702,赫章,贵州省,毕节市,520527
101260703,金沙,贵州省,毕节市,520523
101260704,威宁,贵州省,毕节市,520526
101260705,大方,贵州省,毕节市,520521
101260706,纳雍,贵州省,毕节市,520525
101260707,织金,贵州省,毕节市,520524
101260708,黔西,贵州省,毕节市,520581
101260709,七星关,贵州省,毕节市,520502
101260801,水城,贵州省,六盘水市,520204
101260802,六枝,贵州省,六盘水市,520203
101260803,六盘水,贵州省,六盘水市,520200
101260804,盘州,贵州省,六盘水市,520281
101260805,钟山,贵州省,六盘水市,520201
101260901,兴义,贵州省,黔西南布依族苗族自治州,522301
101260902,晴隆,贵州省,黔西南布依族苗族自治州,522324
101260903,兴仁,贵州省,黔西南布依族苗族自治州,522302
101260904,贞丰,贵州省,黔西南布依族苗族自治州,522325
101260905,望谟,贵州省,黔西南布依族苗族自治州,522326
101260906,黔西南,贵州省,黔西南布依族苗族自治州,522300
101260907,安龙,贵州省,黔西南布依族苗族自治州,522328
101260908,册亨,贵州省,黔西南布依族苗族自治州,522327
101260909,普安,贵州省,黔西南布依族苗族自治州,522323
101270101,成都,四川省,成都市,510100
101270102,龙泉驿,四川省,成都市,510112
101270103,新都,四川省,成都市,510114
101270104,温江,四川省,成都市,510115
101270105,金堂,四川省,成都市,510121
101270106,双流,四川省,成都市,510116
101270107,郫都,四川省,成都市,510117
101270108,大邑,四川省,成都市,510129
101270109,蒲江,四川省,成都市,510131
101270110,新津,四川省,成都市,510118
101270111,都江堰,四川省,成都市,510181
101270112,彭州,四川省,成都市,510182
101270113,邛崃,四川省,成都市,510183
101270114,崇州,四川省,成都市,510184
101270115,青白江,四川省,成都市,510113
101270116,锦江,四川省,成都市,510104
101270117,青羊,四川省,成都市,510105
101270118,金牛,四川省,成都市,510106
101270119,武侯,四川省,成都市,510107
101270120,成华,四川省,成都市,510108
101270121,简阳,四川省,成都市,510185
101270201,攀枝花,四川省,攀枝花市,510400
101270202,仁和,四川省,攀枝花市,510411
101270203,米易,四川省,攀枝花市,510421
101270204,盐边,四川省,攀枝花市,510422
101270205,东区,四川省,攀枝花市,510402
101270206,西区,四川省,攀枝花市,510403
101270301,自贡,四川省,自贡市,510300
101270302,富顺,四川省,自贡市,510322
101270303,荣县,四川省,自贡市,510321
101270304,自流井,四川省,自贡市,510302
101270305,贡井,四川省,自贡市,510303
101270306,大安,四川省,自贡市,510304
101270307,沿滩,四川省,自贡市,510311
101270401,绵阳,四川省,绵阳市,510700
101270402,三台,四川省,绵阳市,510722
101270403,盐亭,四川省,绵阳市,510723
101270405,梓潼,四川省,绵阳市,510725
101270406,北川,四川省,绵阳市,510726
101270407,平武,四川省,绵阳市,510727
101270408,江油,四川省,绵阳市,510781
101270409,涪城,四川省,绵阳市,510703
101270410,游仙,四川省,绵阳市,510704
101270411,安州,四川省,绵阳市,510705
101270501,南充,四川省,南充市,511300
101270502,南部,四川省,南充市,511321
101270503,营山,四川省,南充市,511322
101270504,蓬安,四川省,南充市,511323
101270505,仪陇,四川省,南充市,511324
101270506,西充,四川省,南充市,511325
101270507,阆中,四川省,南充市,511381
101270508,顺庆,四川省,南充市,511302
101270509,高坪,四川省,南充市,511303
101270510,嘉陵,四川省,南充市,511304
101270601,达州,四川省,达州市,511700
101270602,宣汉,四川省,达州市,511722
101270603,开江,四川省,达州市,511723
101270604,大竹,四川省,达州市,511724
101270605,渠县,四川省,达州市,511725
101270606,万源,四川省,达州市,511781
101270607,通川,四川省,达州市,511702
101270608,达川,四川省,达州市,511703
101270701,遂宁,四川省,遂宁市,510900
101270702,蓬溪,四川省,遂宁市,510921
101270703,射洪,四川省,遂宁市,510981
101270704,船山,四川省,遂宁市,510903
101270705,安居,四川省,遂宁市,510904
101270706,大英,四川省,遂宁市,510923
101270801,广安,四川省,广安市,511600
101270802,岳池,四川省,广安市,511621
101270803,武胜,四川省,广安市,511622
101270804,邻水,四川省,广安市,511623
101270805,华蓥,四川省,广安市,511681
101270806,前锋,四川省,广安市,511603
101270807,广安区,四川省,广安市,511602
101270901,巴中,四川省,巴中市,511900
101270902,通江,四川省,巴中市,511921
101270903,南江,四川省,巴中市,511922
101270904,平昌,四川省,巴中市,511923
101270905,巴州,四川省,巴中市,511902
101270906,恩阳,四川省,巴中市,511903
101271001,泸州,四川省,泸州市,510500
101271002,江阳,四川省,泸州市,510502
101271003,泸县,四川省,泸州市,510521
101271004,合江,四川省,泸州市,510522
101271005,叙永,四川省,泸州市,510524
101271006,古蔺,四川省,泸州市,510525
101271007,纳溪,四川省,泸州市,510503
101271008,龙马潭,四川省,泸州市,510504
101271101,宜宾,四川省,宜宾市,511500
101271102,翠屏,四川省,宜宾市,511502
101271103,叙州区,四川省,宜宾市,511504
101271104,南溪,四川省,宜宾市,511503
101271105,江安,四川省,宜宾市,511523
101271106,长宁,四川省,宜宾市,511524
101271107,高县,四川省,宜宾市,511525
101271108,珙县,四川省,宜宾市,511526
101271109,筠连,四川省,宜宾市,511527
101271110,兴文,四川省,宜宾市,511528
101271111,屏山,四川省,宜宾市,511529
101271201,内江,四川省,内江市,511000
101271202,东兴,四川省,内江市,511011
101271203,威远,四川省,内江市,511024
101271204,资中,四川省,内江市,511025
101271205,隆昌,四川省,内江市,511083
101271206,市中,四川省,内江市,511002
101271301,资阳,四川省,资阳市,512000
101271302,安岳,四川省,资阳市,512021
101271303,乐至,四川省,资阳市,512022
101271305,雁江,四川省,资阳市,512002
101271401,乐山,四川省,乐山市,511100
101271402,犍为,四川省,乐山市,511123
101271403,井研,四川省,乐山市,511124
101271404,夹江,四川省,乐山市,511126
101271405,沐川,四川省,乐山市,511129
101271406,峨边,四川省,乐山市,511132
101271407,马边,四川省,乐山市,511133
101271410,市中,四川省,乐山市,511102
101271411,沙湾,四川省,乐山市,511111
101271412,五通桥,四川省,乐山市,511112
101271413,金口河,四川省,乐山市,511113
101271414,峨眉山市,四川省,乐山市,511181
101271501,眉山,四川省,眉山市,511400
101271502,仁寿,四川省,眉山市,511421
101271503,彭山,四川省,眉山市,511403
101271504,洪雅,四川省,眉山市,511423
101271505,丹棱,四川省,眉山市,511424
101271506,青神,四川省,眉山市,511425
101271507,东坡,四川省,眉山市,511402
101271601,凉山,四川省,凉山彝族自治州,513400
101271603,木里,四川省,凉山彝族自治州,513422
101271604,盐源,四川省,凉山彝族自治州,513423
101271605,德昌,四川省,凉山彝族自治州,513424
101271606,会理,四川省,凉山彝族自治州,513425
101271607,会东,四川省,凉山彝族自治州,513426
101271608,宁南,四川省,凉山彝族自治州,513427
101271609,普格,四川省,凉山彝族自治州,513428
101271610,西昌,四川省,凉山彝族自治州,513401
101271611,金阳,四川省,凉山彝族自治州,513430
101271612,昭觉,四川省,凉山彝族自治州,513431
101271613,喜德,四川省,凉山彝族自治州,513432
101271614,冕宁,四川省,凉山彝族自治州,513433
101271615,越西,四川省,凉山彝族自治州,513434
101271616,甘洛,四川省,凉山彝族自治州,513435
101271617,雷波,四川省,凉山彝族自治州,513437
101271618,美姑,四川省,凉山彝族自治州,513436
101271619,布拖,四川省,凉山彝族自治州,513429
101271701,雅安,四川省,雅安市,511800
101271702,名山,四川省,雅安市,511803
101271703,荥经,四川省,雅安市,511822
101271704,汉源,四川省,雅安市,511823
101271705,石棉,四川省,雅安市,511824
101271706,天全,四川省,雅安市,511825
101271707,芦山,四川省,雅安市,511826
101271708,宝兴,四川省,雅安市,511827
101271709,雨城,四川省,雅安市,511802
101271801,甘孜,四川省,甘孜藏族自治州,513300
101271802,康定,四川省,甘孜藏族自治州,513301
101271803,泸定,四川省,甘孜藏族自治州,513322
101271804,丹巴,四川省,甘孜藏族自治州,513323
101271805,九龙,四川省,甘孜藏族自治州,513324
101271806,雅江,四川省,甘孜藏族自治州,513325
101271807,道孚,四川省,甘孜藏族自治州,513326
101271808,炉霍,四川省,甘孜藏族自治州,513327
101271809,新龙,四川省,甘孜藏族自治州,513329
101271810,德格,四川省,甘孜藏族自治州,513330
101271811,白玉,四川省,甘孜藏族自治州,513331
101271812,石渠,四川省,甘孜藏族自治州,513332
101271813,色达,四川省,甘孜藏族自治州,513333
101271814,理塘,四川省,甘孜藏族自治州,513334
101271815,巴塘,四川省,甘孜藏族自治州,513335
101271816,乡城,四川省,甘孜藏族自治州,513336
101271817,稻城,四川省,甘孜藏族自治州,513337
101271818,得荣,四川省,甘孜藏族自治州,513338
101271819,甘孜县,四川省,甘孜藏族自治州,513328
101271901,阿坝,四川省,阿坝藏族羌族自治州,513200
101271902,汶川,四川省,阿坝藏族羌族自治州,513221
101271903,理县,四川省,阿坝藏族羌族自治州,513222
101271904,茂县,四川省,阿坝藏族羌族自治州,513223
101271905,松潘,四川省,阿坝藏族羌族自治州,513224
101271906,九寨沟,四川省,阿坝藏族羌族自治州,513225
101271907,金川,四川省,阿坝藏族羌族自治州,513226
101271908,小金,四川省,阿坝藏族羌族自治州,513227
101271909,黑水,四川省,阿坝藏族羌族自治州,513228
101271910,马尔康,四川省,阿坝藏族羌族自治州,513201
101271911,壤塘,四川省,阿坝藏族羌族自治州,513230
101271912,若尔盖,四川省,阿坝藏族羌族自治州,513232
101271913,红原,四川省,阿坝藏族羌族自治州,513233
101271914,阿坝县,四川省,阿坝藏族羌族自治州,513231
101272001,德阳,四川省,德阳市,510600
101272002,中江,四川省,德阳市,510623
101272003,广汉,四川省,德阳市,510681
101272004,什邡,四川省,德阳市,510682
101272005,绵竹,四川省,德阳市,510683
101272006,罗江,四川省,德阳市,510604
101272007,旌阳,四川省,德阳市,510603
101272101,广元,四川省,广元市,510800
101272102,旺苍,四川省,广元市,510821
101272103,青川,四川省,广元市,510822
101272104,剑阁,四川省,广元市,510823
101272105,苍溪,四川省,广元市,510824
101272106,利州,四川省,广元市,510802
101272107,昭化,四川省,广元市,510811
101272108,朝天,四川省,广元市,510812
101280101,广州,广东省,广州市,440100
101280102,番禺,广东省,广州市,440113
101280103,从化,广东省,广州市,440117
101280104,增城,广东省,广州市,440118
101280105,花都,广东省,广州市,440114
101280106,荔湾,广东省,广州市,440103
101280107,越秀,广东省,广州市,440104
101280108,海珠,广东省,广州市,440105
101280109,天河,广东省,广州市,440106
101280110,白云,广东省,广州市,440111
101280111,黄埔,广东省,广州市,440112
101280112,南沙,广东省,广州市,440115
101280201,韶关,广东省,韶关市,440200
101280202,乳源,广东省,韶关市,440232
101280203,始兴,广东省,韶关市,440222
101280204,翁源,广东省,韶关市,440229
101280205,乐昌,广东省,韶关市,440281
101280206,仁化,广东省,韶关市,440224
101280207,南雄,广东省,韶关市,440282
101280208,新丰,广东省,韶关市,440233
101280209,曲江,广东省,韶关市,440205
101280210,浈江,广东省,韶关市,440204
101280211,武江,广东省,韶关市,440203
101280301,惠州,广东省,惠州市,441300
101280302,博罗,广东省,惠州市,441322
101280303,惠阳,广东省,惠州市,441303
101280304,惠东,广东省,惠州市,441323
101280305,龙门,广东省,惠州市,441324
101280306,惠城,广东省,惠州市,441302
101280401,梅州,广东省,梅州市,441400
101280402,兴宁,广东省,梅州市,441481
101280403,蕉岭,广东省,梅州市,441427
101280404,大埔,广东省,梅州市,441422
101280405,梅江,广东省,梅州市,441402
101280406,丰顺,广东省,梅州市,441423
101280407,平远,广东省,梅州市,441426
101280408,五华,广东省,梅州市,441424
101280409,梅县,广东省,梅州市,441403
101280501,汕头,广东省,汕头市,440500
101280502,潮阳,广东省,汕头市,440513
101280503,澄海,广东省,汕头市,440515
101280504,南澳,广东省,汕头市,440523
101280505,龙湖,广东省,汕头市,440507
101280506,金平,广东省,汕头市,440511
101280507,濠江,广东省,汕头市,440512
101280508,潮南,广东省,汕头市,440514
101280601,深圳,广东省,深圳市,440300
101280602,罗湖,广东省,深圳市,440303
101280603,福田,广东省,深圳市,440304
101280604,南山,广东省,深圳市,440305
101280605,宝安,广东省,深圳市,440306
101280606,龙岗,广东省,深圳市,440307
101280607,盐田,广东省,深圳市,440308
101280608,龙华,广东省,深圳市,440309
101280609,坪山,广东省,深圳市,440310
101280610,光明,广东省,深圳市,440311
101280701,珠海,广东省,珠海市,440400
101280702,斗门,广东省,珠海市,440403
101280703,金湾,广东省,珠海市,440404
101280704,香洲,广东省,珠海市,440402
101280800,佛山,广东省,佛山市,440600
101280801,顺德,广东省,佛山市,440606
101280802,三水,广东省,佛山市,440607
101280803,南海,广东省,佛山市,440605
101280804,高明,广东省,佛山市,440608
101280805,禅城,广东省,佛山市,440604
101280901,肇庆,广东省,肇庆市,441200
101280902,广宁,广东省,肇庆市,441223
101280903,四会,广东省,肇庆市,441284
101280904,端州,广东省,肇庆市,441202
101280905,德庆,广东省,肇庆市,441226
101280906,怀集,广东省,肇庆市,441224
101280907,封开,广东省,肇庆市,441225
101280908,高要,广东省,肇庆市,441204
101280909,鼎湖,广东省,肇庆市,441203
101281001,湛江,广东省,湛江市,440800
101281002,吴川,广东省,湛江市,440883
101281003,雷州,广东省,湛江市,440882
101281004,徐闻,广东省,湛江市,440825
101281005,廉江,广东省,湛江市,440881
101281006,赤坎,广东省,湛江市,440802
101281007,遂溪,广东省,湛江市,440823
101281008,坡头,广东省,湛江市,440804
101281009,霞山,广东省,湛江市,440803
101281010,麻章,广东省,湛江市,440811
101281101,江门,广东省,江门市,440700
101281103,开平,广东省,江门市,440783
101281104,新会,广东省,江门市,440705
101281105,恩平,广东省,江门市,440785
101281106,台山,广东省,江门市,440781
101281107,蓬江,广东省,江门市,440703
101281108,鹤山,广东省,江门市,440784
101281109,江海,广东省,江门市,440704
101281201,河源,广东省,河源市,441600
101281202,紫金,广东省,河源市,441621
101281203,连平,广东省,河源市,441623
101281204,和平,广东省,河源市,441624
101281205,龙川,广东省,河源市,441622
101281206,东源,广东省,河源市,441625
101281207,源城,广东省,河源市,441602
101281301,清远,广东省,清远市,441800
101281302,连南,广东省,清远市,441826
101281303,连州,广东省,清远市,441882
101281304,连山,广东省,清远市,441825
101281305,阳山,广东省,清远市,441823
101281306,佛冈,广东省,清远市,441821
101281307,英德,广东省,清远市,441881
101281308,清新,广东省,清远市,441803
101281309,清城,广东省,清远市,441802
101281401,云浮,广东省,云浮市,445300
101281402,罗定,广东省,云浮市,445381
101281403,新兴,广东省,云浮市,445321
101281404,郁南,广东省,云浮市,445322
101281405,云城,广东省,云浮市,445302
101281406,云安,广东省,云浮市,445303
101281501,潮州,广东省,潮州市,445100
101281502,饶平,广东省,潮州市,445122
101281503,潮安,广东省,潮州市,445103
101281504,湘桥,广东省,潮州市,445102
101281601,东莞,广东省,东莞市,441900
101281701,中山,广东省,中山市,442000
101281801,阳江,广东省,阳江市,441700
101281802,阳春,广东省,阳江市,441781
101281803,阳东,广东省,阳江市,441704
101281804,阳西,广东省,阳江市,441721
101281805,江城,广东省,阳江市,441702
101281901,揭阳,广东省,揭阳市,445200
101281902,揭西,广东省,揭阳市,445222
101281903,普宁,广东省,揭阳市,445281
101281904,惠来,广东省,揭阳市,445224
101281905,揭东,广东省,揭阳市,445203
101281906,榕城,广东省,揭阳市,445202
101282001,茂名,广东省,茂名市,440900
101282002,高州,广东省,茂名市,440981
101282003,化州,广东省,茂名市,440982
101282004,电白,广东省,茂名市,440904
101282005,信宜,广东省,茂名市,440983
101282007,茂南,广东省,茂名市,440902
101282101,汕尾,广东省,汕尾市,441500
101282102,海丰,广东省,汕尾市,441521
101282103,陆丰,广东省,汕尾市,441581
101282104,陆河,广东省,汕尾市,441523
101282105,城区,广东省,汕尾市,441502
101290101,昆明,云南省,昆明市,530100
101290102,五华,云南省,昆明市,530102
101290103,东川,云南省,昆明市,530113
101290104,寻甸,云南省,昆明市,530129
101290105,晋宁,云南省,昆明市,530115
101290106,宜良,云南省,昆明市,530125
101290107,石林,云南省,昆明市,530126
101290108,呈贡,云南省,昆明市,530114
101290109,富民,云南省,昆明市,530124
101290110,嵩明,云南省,昆明市,530127
101290111,禄劝,云南省,昆明市,530128
101290112,安宁,云南省,昆明市,530181
101290114,盘龙,云南省,昆明市,530103
101290115,官渡,云南省,昆明市,530111
101290116,西山,云南省,昆明市,530112
101290201,大理,云南省,大理白族自治州,532900
101290202,云龙,云南省,大理白族自治州,532929
101290203,漾濞,云南省,大理白族自治州,532922
101290204,永平,云南省,大理白族自治州,532928
101290205,宾川,云南省,大理白族自治州,532924
101290206,弥渡,云南省,大理白族自治州,532925
101290207,祥云,云南省,大理白族自治州,532923
101290208,巍山,云南省,大理白族自治州,532927
101290209,剑川,云南省,大理白族自治州,532931
101290210,洱源,云南省,大理白族自治州,532930
101290211,鹤庆,云南省,大理白族自治州,532932
101290212,南涧,云南省,大理白族自治州,532926
101290213,大理,云南省,大理,532901
101290301,红河,云南省,红河哈尼族彝族自治州,532500
101290302,石屏,云南省,红河哈尼族彝族自治州,532525
101290303,建水,云南省,红河哈尼族彝族自治州,532524
101290304,弥勒,云南省,红河哈尼族彝族自治州,532504
101290305,元阳,云南省,红河哈尼族彝族自治州,532528
101290306,绿春,云南省,红河哈尼族彝族自治州,532531
101290307,开远,云南省,红河哈尼族彝族自治州,532502
101290308,个旧,云南省,红河哈尼族彝族自治州,532501
101290309,蒙自,云南省,红河哈尼族彝族自治州,532503
101290310,屏边,云南省,红河哈尼族彝族自治州,532523
101290311,泸西,云南省,红河哈尼族彝族自治州,532527
101290312,金平,云南省,红河哈尼族彝族自治州,532530
101290313,河口,云南省,红河哈尼族彝族自治州,532532
101290314,红河县,云南省,红河哈尼族彝族自治州,532529
101290401,曲靖,云南省,曲靖市,530300
101290402,沾益,云南省,曲靖市,530303
101290403,陆良,云南省,曲靖市,530322
101290404,富源,云南省,曲靖市,530325
101290405,马龙,云南省,曲靖市,530304
101290406,师宗,云南省,曲靖市,530323
101290407,罗平,云南省,曲靖市,530324
101290408,会泽,云南省,曲靖市,530326
101290409,宣威,云南省,曲靖市,530381
101290410,麒麟,云南省,曲靖市,530302
101290501,保山,云南省,保山市,530500
101290502,隆阳,云南省,保山市,530502
101290503,龙陵,云南省,保山市,530523
101290504,施甸,云南省,保山市,530521
101290505,昌宁,云南省,保山市,530524
101290506,腾冲,云南省,保山市,530581
101290601,文山,云南省,文山壮族苗族自治州,532600
101290602,西畴,云南省,文山壮族苗族自治州,532623
101290603,马关,云南省,文山壮族苗族自治州,532625
101290604,麻栗坡,云南省,文山壮族苗族自治州,532624
101290605,砚山,云南省,文山壮族苗族自治州,532622
101290606,丘北,云南省,文山壮族苗族自治州,532626
101290607,广南,云南省,文山壮族苗族自治州,532627
101290608,富宁,云南省,文山壮族苗族自治州,532628
101290609,文山,云南省,文山州,532601
101290701,玉溪,云南省,玉溪市,530400
101290702,澄江,云南省,玉溪市,530481
101290703,江川,云南省,玉溪市,530403
101290704,通海,云南省,玉溪市,530423
101290705,华宁,云南省,玉溪市,530424
101290706,新平,云南省,玉溪市,530427
101290707,易门,云南省,玉溪市,530425
101290708,峨山,云南省,玉溪市,530426
101290709,元江,云南省,玉溪市,530428
101290710,红塔,云南省,玉溪市,530402
101290801,楚雄,云南省,楚雄彝族自治州,532300
101290802,大姚,云南省,楚雄彝族自治州,532326
101290803,元谋,云南省,楚雄彝族自治州,532328
101290804,姚安,云南省,楚雄彝族自治州,532325
101290805,牟定,云南省,楚雄彝族自治州,532323
101290806,南华,云南省,楚雄彝族自治州,532324
101290807,武定,云南省,楚雄彝族自治州,532329
101290808,禄丰,云南省,楚雄彝族自治州,532331
101290809,双柏,云南省,楚雄彝族自治州,532322
101290810,永仁,云南省,楚雄彝族自治州,532327
101290811,楚雄,云南省,楚雄,532301
101290901,普洱,云南省,普洱市,530800
101290902,景谷,云南省,普洱市,530824
101290903,景东,云南省,普洱市,530823
101290904,澜沧,云南省,普洱市,530828
101290905,思茅,云南省,普洱市,530802
101290906,墨江,云南省,普洱市,530822
101290907,江城,云南省,普洱市,530826
101290908,孟连,云南省,普洱市,530827
101290909,西盟,云南省,普洱市,530829
101290911,镇沅,云南省,普洱市,530825
101290912,宁洱,云南省,普洱市,530821
101291001,昭通,云南省,昭通市,530600
101291002,鲁甸,云南省,昭通市,530621
101291003,彝良,云南省,昭通市,530628
101291004,镇雄,云南省,昭通市,530627
101291005,威信,云南省,昭通市,530629
101291006,巧家,云南省,昭通市,530622
101291007,绥江,云南省,昭通市,530626
101291008,永善,云南省,昭通市,530625
101291009,盐津,云南省,昭通市,530623
101291010,大关,云南省,昭通市,530624
101291011,水富,云南省,昭通市,530681
101291012,昭阳,云南省,昭通市,530602
101291101,临沧,云南省,临沧市,530900
101291102,沧源,云南省,临沧市,530927
101291103,耿马,云南省,临沧市,530926
101291104,双江,云南省,临沧市,530925
101291105,凤庆,云南省,临沧市,530921
101291106,永德,云南省,临沧市,530923
101291107,云县,云南省,临沧市,530922
101291108,镇康,云南省,临沧市,530924
101291109,临翔,云南省,临沧市,530902
101291201,怒江,云南省,怒江傈僳族自治州,533300
101291203,福贡,云南省,怒江傈僳族自治州,533323
101291204,兰坪,云南省,怒江傈僳族自治州,533325
101291205,泸水,云南省,怒江傈僳族自治州,533301
101291207,贡山,云南省,怒江傈僳族自治州,533324
101291301,香格里拉,云南省,迪庆藏族自治州,533401
101291302,德钦,云南省,迪庆藏族自治州,533422
101291303,维西,云南省,迪庆藏族自治州,533423
101291305,迪庆,云南省,迪庆藏族自治州,533400
101291401,丽江,云南省,丽江市,530700
101291402,永胜,云南省,丽江市,530722
101291403,华坪,云南省,丽江市,530723
101291404,宁蒗,云南省,丽江市,530724
101291405,古城,云南省,丽江市,530702
101291406,玉龙,云南省,丽江市,530721
101291501,德宏,云南省,德宏傣族景颇族自治州,533100
101291503,陇川,云南省,德宏傣族景颇族自治州,533124
101291504,盈江,云南省,德宏傣族景颇族自治州,533123
101291506,瑞丽,云南省,德宏傣族景颇族自治州,533102
101291507,梁河,云南省,德宏傣族景颇族自治州,533122
101291508,芒市,云南省,德宏傣族景颇族自治州,533103
101291601,景洪,云南省,西双版纳傣族自治州,532801
101291602,西双版纳,云南省,西双版纳傣族自治州,532800
101291603,勐海,云南省,西双版纳傣族自治州,532822
101291605,勐腊,云南省,西双版纳傣族自治州,532823
101300101,南宁,广西壮族自治区,南宁市,450100
101300102,兴宁,广西壮族自治区,南宁市,450102
101300103,邕宁,广西壮族自治区,南宁市,450109
101300104,横县,广西壮族自治区,南宁市,450127
101300105,隆安,广西壮族自治区,南宁市,450123
101300106,马山,广西壮族自治区,南宁市,450124
101300107,上林,广西壮族自治区,南宁市,450125
101300108,武鸣,广西壮族自治区,南宁市,450110
101300109,宾阳,广西壮族自治区,南宁市,450126
101300110,青秀,广西壮族自治区,南宁市,450103
101300111,江南,广西壮族自治区,南宁市,450105
101300112,西乡塘,广西壮族自治区,南宁市,450107
101300113,良庆,广西壮族自治区,南宁市,450108
101300201,崇左,广西壮族自治区,崇左市,451400
101300202,天等,广西壮族自治区,崇左市,451425
101300203,龙州,广西壮族自治区,崇左市,451423
101300204,凭祥,广西壮族自治区,崇左市,451481
101300205,大新,广西壮族自治区,崇左市,451424
101300206,扶绥,广西壮族自治区,崇左市,451421
101300207,宁明,广西壮族自治区,崇左市,451422
101300208,江州,广西壮族自治区,崇左市,451402
101300301,柳州,广西壮族自治区,柳州市,450200
101300302,柳城,广西壮族自治区,柳州市,450222
101300303,城中,广西壮族自治区,柳州市,450202
101300304,鹿寨,广西壮族自治区,柳州市,450223
101300305,柳江,广西壮族自治区,柳州市,450206
101300306,融安,广西壮族自治区,柳州市,450224
101300307,融水,广西壮族自治区,柳州市,450225
101300308,三江,广西壮族自治区,柳州市,450226
101300309,鱼峰,广西壮族自治区,柳州市,450203
101300310,柳南,广西壮族自治区,柳州市,450204
101300311,柳北,广西壮族自治区,柳州市,450205
101300401,来宾,广西壮族自治区,来宾市,451300
101300402,忻城,广西壮族自治区,来宾市,451321
101300403,金秀,广西壮族自治区,来宾市,451324
101300404,象州,广西壮族自治区,来宾市,451322
101300405,武宣,广西壮族自治区,来宾市,451323
101300406,合山,广西壮族自治区,来宾市,451381
101300407,兴宾,广西壮族自治区,来宾市,451302
101300501,桂林,广西壮族自治区,桂林市,450300
101300502,秀峰,广西壮族自治区,桂林市,450302
101300503,龙胜,广西壮族自治区,桂林市,450328
101300504,永福,广西壮族自治区,桂林市,450326
101300505,临桂,广西壮族自治区,桂林市,450312
101300506,兴安,广西壮族自治区,桂林市,450325
101300507,灵川,广西壮族自治区,桂林市,450323
101300508,全州,广西壮族自治区,桂林市,450324
101300509,灌阳,广西壮族自治区,桂林市,450327
101300510,阳朔,广西壮族自治区,桂林市,450321
101300511,恭城,广西壮族自治区,桂林市,450332
101300512,平乐,广西壮族自治区,桂林市,450330
101300513,荔浦,广西壮族自治区,桂林市,450381
101300514,资源,广西壮族自治区,桂林市,450329
101300515,叠彩,广西壮族自治区,桂林市,450303
101300516,象山,广西壮族自治区,桂林市,450304
101300517,七星,广西壮族自治区,桂林市,450305
101300518,雁山,广西壮族自治区,桂林市,450311
101300601,梧州,广西壮族自治区,梧州市,450400
101300602,藤县,广西壮族自治区,梧州市,450422
101300603,万秀,广西壮族自治区,梧州市,450403
101300604,苍梧,广西壮族自治区,梧州市,450421
101300605,蒙山,广西壮族自治区,梧州市,450423
101300606,岑溪,广西壮族自治区,梧州市,450481
101300607,长洲,广西壮族自治区,梧州市,450405
101300608,龙圩,广西壮族自治区,梧州市,450406
101300701,贺州,广西壮族自治区,贺州市,451100
101300702,昭平,广西壮族自治区,贺州市,451121
101300703,富川,广西壮族自治区,贺州市,451123
101300704,钟山,广西壮族自治区,贺州市,451122
101300705,八步,广西壮族自治区,贺州市,451102
101300706,平桂,广西壮族自治区,贺州市,451103
101300801,贵港,广西壮族自治区,贵港市,450800
101300802,桂平,广西壮族自治区,贵港市,450881
101300803,平南,广西壮族自治区,贵港市,450821
101300804,港北,广西壮族自治区,贵港市,450802
101300805,港南,广西壮族自治区,贵港市,450803
101300806,覃塘,广西壮族自治区,贵港市,450804
101300901,玉林,广西壮族自治区,玉林市,450900
101300902,博白,广西壮族自治区,玉林市,450923
101300903,北流,广西壮族自治区,玉林市,450981
101300904,容县,广西壮族自治区,玉林市,450921
101300905,陆川,广西壮族自治区,玉林市,450922
101300906,兴业,广西壮族自治区,玉林市,450924
101300907,玉州,广西壮族自治区,玉林市,450902
101300908,福绵,广西壮族自治区,玉林市,450903
101301001,百色,广西壮族自治区,百色市,451000
101301002,那坡,广西壮族自治区,百色市,451026
101301003,田阳,广西壮族自治区,百色市,451003
101301004,德保,广西壮族自治区,百色市,451024
101301005,靖西,广西壮族自治区,百色市,451081
101301006,田东,广西壮族自治区,百色市,451022
101301007,平果,广西壮族自治区,百色市,451082
101301008,隆林,广西壮族自治区,百色市,451031
101301009,西林,广西壮族自治区,百色市,451030
101301010,乐业,广西壮族自治区,百色市,451028
101301011,凌云,广西壮族自治区,百色市,451027
101301012,田林,广西壮族自治区,百色市,451029
101301013,右江,广西壮族自治区,百色市,451002
101301101,钦州,广西壮族自治区,钦州市,450700
101301102,浦北,广西壮族自治区,钦州市,450722
101301103,灵山,广西壮族自治区,钦州市,450721
101301104,钦南,广西壮族自治区,钦州市,450702
101301105,钦北,广西壮族自治区,钦州市,450703
101301201,河池,广西壮族自治区,河池市,451200
101301202,天峨,广西壮族自治区,河池市,451222
101301203,东兰,广西壮族自治区,河池市,451224
101301204,巴马,广西壮族自治区,河池市,451227
101301205,环江,广西壮族自治区,河池市,451226
101301206,罗城,广西壮族自治区,河池市,451225
101301207,宜州,广西壮族自治区,河池市,451203
101301208,凤山,广西壮族自治区,河池市,451223
101301209,南丹,广西壮族自治区,河池市,451221
101301210,都安,广西壮族自治区,河池市,451228
101301211,大化,广西壮族自治区,河池市,451229
101301212,金城江,广西壮族自治区,河池市,451202
101301301,北海,广西壮族自治区,北海市,450500
101301302,合浦,广西壮族自治区,北海市,450521
101301304,海城,广西壮族自治区,北海市,450502
101301305,银海,广西壮族自治区,北海市,450503
101301306,铁山港,广西壮族自治区,北海市,450512
101301401,防城港,广西壮族自治区,防城港市,450600
101301402,上思,广西壮族自治区,防城港市,450621
101301403,东兴,广西壮族自治区,防城港市,450681
101301404,港口,广西壮族自治区,防城港市,450602
101301405,防城,广西壮族自治区,防城港市,450603
101310101,海口,海南省,海口市,460100
101310102,秀英,海南省,海口市,460105
101310103,龙华,海南省,海口市,460106
101310104,琼山,海南省,海口市,460107
101310105,美兰,海南省,海口市,460108
101310201,三亚,海南省,三亚市,460200
101310202,东方,海南省,东方市,469007
101310203,临高,海南省,临高县,469024
101310204,澄迈,海南省,澄迈县,469023
101310205,儋州,海南省,儋州市,460400
101310206,昌江,海南省,昌江黎族自治县,469026
101310207,白沙,海南省,白沙黎族自治县,469025
101310208,琼中,海南省,琼中黎族苗族自治县,469030
101310209,定安,海南省,定安县,469021
101310210,屯昌,海南省,屯昌县,469022
101310211,琼海,海南省,琼海市,469002
101310212,文昌,海南省,文昌市,469005
101310213,海棠,海南省,三亚市,460202
101310214,保亭,海南省,保亭黎族苗族自治县,469029
101310215,万宁,海南省,万宁市,469006
101310216,陵水,海南省,陵水黎族自治县,469028
101310218,吉阳,海南省,三亚市,460203
101310219,天涯,海南省,三亚市,460204
101310221,乐东,海南省,乐东黎族自治县,469027
101310222,五指山,海南省,五指山市,469001
101310223,崖州,海南省,三亚市,460205
101310301,三沙,海南省,三沙市,460300
101310302,西沙,海南省,三沙市,460301
101310304,南沙,海南省,三沙市,460302
101320101,香港,香港特别行政区,香港特别行政区,810000
101320102,九龙,香港特别行政区,香港特别行政区,
101320103,新界,香港特别行政区,香港特别行政区,
101330101,澳门,澳门特别行政区,澳门特别行政区,820000
101330102,氹仔岛,澳门特别行政区,澳门特别行政区,
101330103,路环岛,澳门特别行政区,澳门特别行政区,
101340101,台北,台湾省,台北市,710000
101340102,桃园,台湾省,桃园市,
101340103,新竹,台湾省,新竹市,
101340104,宜兰,台湾省,宜兰市,
101340201,高雄,台湾省,高雄市,
101340202,嘉义,台湾省,嘉义市,
101340203,台南,台湾省,台南市,
101340204,台东,台湾省,台东市,
101340205,屏东,台湾省,屏东市,
101340401,台中,台湾省,台中市,
101340402,苗栗,台湾省,苗栗市,
101340403,彰化,台湾省,彰化市,
101340404,南投,台湾省,南投市,
101340405,花莲,台湾省,花莲市,
101340406,云林,台湾省,云林市,
